Memory Length,4000,
Trigger Level,1.200E-02,
Source,CH2,
Probe,1X,
Vertical Units,V,
Vertical Scale,2.000E-03,
Vertical Position,-4.000E-03,
Horizontal Units,S,
Horizontal Scale,2.500E-03,
Horizontal Position,0.000E+00,
Horizontal Mode,Main,
Sampling Period,1E-05,
Firmware,V1.23,
Time, 11:10:14,
Mode,Detail,
Waveform Data,
-2.000000E-002,-1.92E-3,
-1.999000E-002,-1.92E-3,
-1.998000E-002,-1.28E-3,
-1.997000E-002,-8.8E-4,
-1.996000E-002,0E+0,
-1.995000E-002,-4.8E-4,
-1.994000E-002,-1.28E-3,
-1.993000E-002,-1.28E-3,
-1.992000E-002,-3.2E-4,
-1.991000E-002,0E+0,
-1.990000E-002,-8.8E-4,
-1.989000E-002,-1.28E-3,
-1.988000E-002,-7.2E-4,
-1.987000E-002,0E+0,
-1.986000E-002,-7.2E-4,
-1.985000E-002,-8.8E-4,
-1.984000E-002,-8.8E-4,
-1.983000E-002,0E+0,
-1.982000E-002,0E+0,
-1.981000E-002,-1.12E-3,
-1.980000E-002,-1.12E-3,
-1.979000E-002,-4.8E-4,
-1.978000E-002,0E+0,
-1.977000E-002,-8.8E-4,
-1.976000E-002,-1.12E-3,
-1.975000E-002,-7.2E-4,
-1.974000E-002,0E+0,
-1.973000E-002,-7.2E-4,
-1.972000E-002,-1.28E-3,
-1.971000E-002,-8.8E-4,
-1.970000E-002,0E+0,
-1.969000E-002,-3.2E-4,
-1.968000E-002,-8.8E-4,
-1.967000E-002,-1.12E-3,
-1.966000E-002,-3.2E-4,
-1.965000E-002,0E+0,
-1.964000E-002,-7.2E-4,
-1.963000E-002,-1.12E-3,
-1.962000E-002,-4.8E-4,
-1.961000E-002,0E+0,
-1.960000E-002,-4.8E-4,
-1.959000E-002,-1.12E-3,
-1.958000E-002,-8.8E-4,
-1.957000E-002,0E+0,
-1.956000E-002,-3.2E-4,
-1.955000E-002,-8.8E-4,
-1.954000E-002,-8.8E-4,
-1.953000E-002,-3.2E-4,
-1.952000E-002,0E+0,
-1.951000E-002,-7.2E-4,
-1.950000E-002,-1.12E-3,
-1.949000E-002,-7.2E-4,
-1.948000E-002,1.6E-4,
-1.947000E-002,0E+0,
-1.946000E-002,-1.12E-3,
-1.945000E-002,-8.8E-4,
-1.944000E-002,0E+0,
-1.943000E-002,0E+0,
-1.942000E-002,-8.8E-4,
-1.941000E-002,-1.12E-3,
-1.940000E-002,0E+0,
-1.939000E-002,1.6E-4,
-1.938000E-002,-3.2E-4,
-1.937000E-002,-1.12E-3,
-1.936000E-002,-4.8E-4,
-1.935000E-002,4E-4,
-1.934000E-002,-3.2E-4,
-1.933000E-002,-1.12E-3,
-1.932000E-002,-7.2E-4,
-1.931000E-002,0E+0,
-1.930000E-002,0E+0,
-1.929000E-002,-8.8E-4,
-1.928000E-002,-8.8E-4,
-1.927000E-002,0E+0,
-1.926000E-002,0E+0,
-1.925000E-002,-7.2E-4,
-1.924000E-002,-1.12E-3,
-1.923000E-002,-4.8E-4,
-1.922000E-002,1.6E-4,
-1.921000E-002,0E+0,
-1.920000E-002,-8.8E-4,
-1.919000E-002,-7.2E-4,
-1.918000E-002,0E+0,
-1.917000E-002,0E+0,
-1.916000E-002,-7.2E-4,
-1.915000E-002,-1.12E-3,
-1.914000E-002,0E+0,
-1.913000E-002,1.6E-4,
-1.912000E-002,-3.2E-4,
-1.911000E-002,-8.8E-4,
-1.910000E-002,-4.8E-4,
-1.909000E-002,1.6E-4,
-1.908000E-002,-3.2E-4,
-1.907000E-002,-8.8E-4,
-1.906000E-002,-7.2E-4,
-1.905000E-002,0E+0,
-1.904000E-002,1.6E-4,
-1.903000E-002,-8.8E-4,
-1.902000E-002,-8.8E-4,
-1.901000E-002,0E+0,
-1.900000E-002,1.6E-4,
-1.899000E-002,-3.2E-4,
-1.898000E-002,-8.8E-4,
-1.897000E-002,-7.2E-4,
-1.896000E-002,0E+0,
-1.895000E-002,0E+0,
-1.894000E-002,-7.2E-4,
-1.893000E-002,-8.8E-4,
-1.892000E-002,0E+0,
-1.891000E-002,4E-4,
-1.890000E-002,-4.8E-4,
-1.889000E-002,-7.2E-4,
-1.888000E-002,-3.2E-4,
-1.887000E-002,1.6E-4,
-1.886000E-002,0E+0,
-1.885000E-002,-8.8E-4,
-1.884000E-002,-3.2E-4,
-1.883000E-002,1.6E-4,
-1.882000E-002,1.6E-4,
-1.881000E-002,-7.2E-4,
-1.880000E-002,-7.2E-4,
-1.879000E-002,0E+0,
-1.878000E-002,4E-4,
-1.877000E-002,-4.8E-4,
-1.876000E-002,-8.8E-4,
-1.875000E-002,0E+0,
-1.874000E-002,4E-4,
-1.873000E-002,0E+0,
-1.872000E-002,-8.8E-4,
-1.871000E-002,-3.2E-4,
-1.870000E-002,4E-4,
-1.869000E-002,1.6E-4,
-1.868000E-002,-7.2E-4,
-1.867000E-002,-4.8E-4,
-1.866000E-002,0E+0,
-1.865000E-002,4E-4,
-1.864000E-002,0E+0,
-1.863000E-002,-8.8E-4,
-1.862000E-002,-3.2E-4,
-1.861000E-002,5.6E-4,
-1.860000E-002,0E+0,
-1.859000E-002,-7.2E-4,
-1.858000E-002,-7.2E-4,
-1.857000E-002,1.6E-4,
-1.856000E-002,1.6E-4,
-1.855000E-002,-7.2E-4,
-1.854000E-002,-7.2E-4,
-1.853000E-002,0E+0,
-1.852000E-002,4E-4,
-1.851000E-002,-3.2E-4,
-1.850000E-002,-7.2E-4,
-1.849000E-002,0E+0,
-1.848000E-002,1.6E-4,
-1.847000E-002,0E+0,
-1.846000E-002,-7.2E-4,
-1.845000E-002,0E+0,
-1.844000E-002,5.6E-4,
-1.843000E-002,1.6E-4,
-1.842000E-002,-4.8E-4,
-1.841000E-002,-7.2E-4,
-1.840000E-002,0E+0,
-1.839000E-002,1.6E-4,
-1.838000E-002,-3.2E-4,
-1.837000E-002,-3.2E-4,
-1.836000E-002,-3.2E-4,
-1.835000E-002,4E-4,
-1.834000E-002,1.6E-4,
-1.833000E-002,-7.2E-4,
-1.832000E-002,-4.8E-4,
-1.831000E-002,1.6E-4,
-1.830000E-002,4E-4,
-1.829000E-002,-4.8E-4,
-1.828000E-002,-7.2E-4,
-1.827000E-002,0E+0,
-1.826000E-002,4E-4,
-1.825000E-002,0E+0,
-1.824000E-002,-7.2E-4,
-1.823000E-002,-7.2E-4,
-1.822000E-002,4E-4,
-1.821000E-002,1.6E-4,
-1.820000E-002,-7.2E-4,
-1.819000E-002,-8.8E-4,
-1.818000E-002,0E+0,
-1.817000E-002,1.6E-4,
-1.816000E-002,-4.8E-4,
-1.815000E-002,-8.8E-4,
-1.814000E-002,0E+0,
-1.813000E-002,1.6E-4,
-1.812000E-002,0E+0,
-1.811000E-002,-7.2E-4,
-1.810000E-002,-7.2E-4,
-1.809000E-002,1.6E-4,
-1.808000E-002,1.6E-4,
-1.807000E-002,-7.2E-4,
-1.806000E-002,-7.2E-4,
-1.805000E-002,0E+0,
-1.804000E-002,1.6E-4,
-1.803000E-002,-3.2E-4,
-1.802000E-002,-8.8E-4,
-1.801000E-002,-4.8E-4,
-1.800000E-002,1.6E-4,
-1.799000E-002,1.6E-4,
-1.798000E-002,-8.8E-4,
-1.797000E-002,-7.2E-4,
-1.796000E-002,1.6E-4,
-1.795000E-002,1.6E-4,
-1.794000E-002,-7.2E-4,
-1.793000E-002,-1.12E-3,
-1.792000E-002,-3.2E-4,
-1.791000E-002,0E+0,
-1.790000E-002,-4.8E-4,
-1.789000E-002,-1.12E-3,
-1.788000E-002,-8.8E-4,
-1.787000E-002,0E+0,
-1.786000E-002,-3.2E-4,
-1.785000E-002,-1.12E-3,
-1.784000E-002,-8.8E-4,
-1.783000E-002,-3.2E-4,
-1.782000E-002,0E+0,
-1.781000E-002,-7.2E-4,
-1.780000E-002,-1.28E-3,
-1.779000E-002,-8.8E-4,
-1.778000E-002,0E+0,
-1.777000E-002,-7.2E-4,
-1.776000E-002,-1.12E-3,
-1.775000E-002,-1.28E-3,
-1.774000E-002,-3.2E-4,
-1.773000E-002,-4.8E-4,
-1.772000E-002,-1.52E-3,
-1.771000E-002,-1.52E-3,
-1.770000E-002,-7.2E-4,
-1.769000E-002,-4.8E-4,
-1.768000E-002,-1.28E-3,
-1.767000E-002,-1.68E-3,
-1.766000E-002,-1.12E-3,
-1.765000E-002,-4.8E-4,
-1.764000E-002,-1.12E-3,
-1.763000E-002,-1.68E-3,
-1.762000E-002,-1.52E-3,
-1.761000E-002,-8.8E-4,
-1.760000E-002,-8.8E-4,
-1.759000E-002,-1.52E-3,
-1.758000E-002,-1.92E-3,
-1.757000E-002,-1.52E-3,
-1.756000E-002,-1.12E-3,
-1.755000E-002,-1.52E-3,
-1.754000E-002,-1.68E-3,
-1.753000E-002,-1.92E-3,
-1.752000E-002,-1.12E-3,
-1.751000E-002,-1.28E-3,
-1.750000E-002,-2.08E-3,
-1.749000E-002,-2.32E-3,
-1.748000E-002,-1.52E-3,
-1.747000E-002,-1.28E-3,
-1.746000E-002,-1.68E-3,
-1.745000E-002,-2.32E-3,
-1.744000E-002,-1.68E-3,
-1.743000E-002,-1.28E-3,
-1.742000E-002,-1.92E-3,
-1.741000E-002,-2.48E-3,
-1.740000E-002,-2.08E-3,
-1.739000E-002,-1.52E-3,
-1.738000E-002,-1.68E-3,
-1.737000E-002,-2.32E-3,
-1.736000E-002,-2.48E-3,
-1.735000E-002,-1.68E-3,
-1.734000E-002,-1.68E-3,
-1.733000E-002,-2.08E-3,
-1.732000E-002,-2.48E-3,
-1.731000E-002,-2.08E-3,
-1.730000E-002,-1.68E-3,
-1.729000E-002,-1.92E-3,
-1.728000E-002,-2.32E-3,
-1.727000E-002,-2.48E-3,
-1.726000E-002,-1.92E-3,
-1.725000E-002,-1.68E-3,
-1.724000E-002,-2.32E-3,
-1.723000E-002,-2.48E-3,
-1.722000E-002,-1.92E-3,
-1.721000E-002,-1.52E-3,
-1.720000E-002,-1.92E-3,
-1.719000E-002,-2.48E-3,
-1.718000E-002,-2.08E-3,
-1.717000E-002,-1.52E-3,
-1.716000E-002,-1.52E-3,
-1.715000E-002,-2.32E-3,
-1.714000E-002,-2.32E-3,
-1.713000E-002,-1.68E-3,
-1.712000E-002,-1.28E-3,
-1.711000E-002,-2.32E-3,
-1.710000E-002,-2.48E-3,
-1.709000E-002,-2.08E-3,
-1.708000E-002,-1.52E-3,
-1.707000E-002,-1.68E-3,
-1.706000E-002,-2.48E-3,
-1.705000E-002,-2.32E-3,
-1.704000E-002,-1.52E-3,
-1.703000E-002,-1.52E-3,
-1.702000E-002,-2.32E-3,
-1.701000E-002,-2.32E-3,
-1.700000E-002,-1.68E-3,
-1.699000E-002,-1.28E-3,
-1.698000E-002,-1.68E-3,
-1.697000E-002,-2.48E-3,
-1.696000E-002,-2.32E-3,
-1.695000E-002,-1.68E-3,
-1.694000E-002,-1.68E-3,
-1.693000E-002,-2.32E-3,
-1.692000E-002,-2.32E-3,
-1.691000E-002,-1.52E-3,
-1.690000E-002,-1.28E-3,
-1.689000E-002,-2.08E-3,
-1.688000E-002,-2.48E-3,
-1.687000E-002,-1.92E-3,
-1.686000E-002,-1.28E-3,
-1.685000E-002,-1.68E-3,
-1.684000E-002,-2.32E-3,
-1.683000E-002,-2.08E-3,
-1.682000E-002,-1.52E-3,
-1.681000E-002,-1.68E-3,
-1.680000E-002,-2.08E-3,
-1.679000E-002,-2.32E-3,
-1.678000E-002,-1.68E-3,
-1.677000E-002,-1.52E-3,
-1.676000E-002,-1.68E-3,
-1.675000E-002,-2.32E-3,
-1.674000E-002,-2.08E-3,
-1.673000E-002,-1.28E-3,
-1.672000E-002,-1.52E-3,
-1.671000E-002,-2.08E-3,
-1.670000E-002,-2.08E-3,
-1.669000E-002,-1.52E-3,
-1.668000E-002,-1.28E-3,
-1.667000E-002,-1.68E-3,
-1.666000E-002,-2.48E-3,
-1.665000E-002,-1.92E-3,
-1.664000E-002,-1.28E-3,
-1.663000E-002,-1.68E-3,
-1.662000E-002,-2.32E-3,
-1.661000E-002,-2.08E-3,
-1.660000E-002,-1.52E-3,
-1.659000E-002,-1.28E-3,
-1.658000E-002,-2.08E-3,
-1.657000E-002,-2.48E-3,
-1.656000E-002,-1.68E-3,
-1.655000E-002,-1.52E-3,
-1.654000E-002,-1.68E-3,
-1.653000E-002,-2.08E-3,
-1.652000E-002,-1.68E-3,
-1.651000E-002,-1.52E-3,
-1.650000E-002,-1.52E-3,
-1.649000E-002,-1.92E-3,
-1.648000E-002,-2.08E-3,
-1.647000E-002,-1.28E-3,
-1.646000E-002,-1.12E-3,
-1.645000E-002,-1.68E-3,
-1.644000E-002,-2.08E-3,
-1.643000E-002,-1.68E-3,
-1.642000E-002,-1.28E-3,
-1.641000E-002,-1.52E-3,
-1.640000E-002,-2.08E-3,
-1.639000E-002,-1.92E-3,
-1.638000E-002,-8.8E-4,
-1.637000E-002,-1.12E-3,
-1.636000E-002,-1.92E-3,
-1.635000E-002,-2.32E-3,
-1.634000E-002,-1.68E-3,
-1.633000E-002,-1.12E-3,
-1.632000E-002,-1.68E-3,
-1.631000E-002,-1.92E-3,
-1.630000E-002,-1.68E-3,
-1.629000E-002,-1.28E-3,
-1.628000E-002,-1.28E-3,
-1.627000E-002,-1.92E-3,
-1.626000E-002,-1.92E-3,
-1.625000E-002,-1.12E-3,
-1.624000E-002,-8.8E-4,
-1.623000E-002,-1.52E-3,
-1.622000E-002,-1.92E-3,
-1.621000E-002,-1.52E-3,
-1.620000E-002,-8.8E-4,
-1.619000E-002,-1.28E-3,
-1.618000E-002,-1.68E-3,
-1.617000E-002,-1.68E-3,
-1.616000E-002,-1.12E-3,
-1.615000E-002,-8.8E-4,
-1.614000E-002,-1.52E-3,
-1.613000E-002,-1.92E-3,
-1.612000E-002,-1.28E-3,
-1.611000E-002,-8.8E-4,
-1.610000E-002,-1.52E-3,
-1.609000E-002,-1.68E-3,
-1.608000E-002,-1.52E-3,
-1.607000E-002,-8.8E-4,
-1.606000E-002,-1.12E-3,
-1.605000E-002,-1.68E-3,
-1.604000E-002,-1.68E-3,
-1.603000E-002,-8.8E-4,
-1.602000E-002,-7.2E-4,
-1.601000E-002,-1.52E-3,
-1.600000E-002,-1.68E-3,
-1.599000E-002,-1.52E-3,
-1.598000E-002,-8.8E-4,
-1.597000E-002,-1.12E-3,
-1.596000E-002,-1.68E-3,
-1.595000E-002,-1.68E-3,
-1.594000E-002,-8.8E-4,
-1.593000E-002,-8.8E-4,
-1.592000E-002,-1.52E-3,
-1.591000E-002,-1.68E-3,
-1.590000E-002,-1.28E-3,
-1.589000E-002,-8.8E-4,
-1.588000E-002,-1.12E-3,
-1.587000E-002,-1.92E-3,
-1.586000E-002,-1.52E-3,
-1.585000E-002,-7.2E-4,
-1.584000E-002,-1.12E-3,
-1.583000E-002,-1.52E-3,
-1.582000E-002,-1.92E-3,
-1.581000E-002,-1.28E-3,
-1.580000E-002,-8.8E-4,
-1.579000E-002,-1.28E-3,
-1.578000E-002,-1.68E-3,
-1.577000E-002,-1.28E-3,
-1.576000E-002,-7.2E-4,
-1.575000E-002,-1.12E-3,
-1.574000E-002,-1.68E-3,
-1.573000E-002,-1.68E-3,
-1.572000E-002,-1.12E-3,
-1.571000E-002,-4.8E-4,
-1.570000E-002,-1.28E-3,
-1.569000E-002,-1.68E-3,
-1.568000E-002,-1.12E-3,
-1.567000E-002,-4.8E-4,
-1.566000E-002,-8.8E-4,
-1.565000E-002,-1.52E-3,
-1.564000E-002,-1.52E-3,
-1.563000E-002,-4.8E-4,
-1.562000E-002,-7.2E-4,
-1.561000E-002,-1.28E-3,
-1.560000E-002,-1.68E-3,
-1.559000E-002,-1.12E-3,
-1.558000E-002,-4.8E-4,
-1.557000E-002,-1.12E-3,
-1.556000E-002,-1.52E-3,
-1.555000E-002,-1.28E-3,
-1.554000E-002,-4.8E-4,
-1.553000E-002,-7.2E-4,
-1.552000E-002,-1.52E-3,
-1.551000E-002,-1.68E-3,
-1.550000E-002,-7.2E-4,
-1.549000E-002,-3.2E-4,
-1.548000E-002,-1.12E-3,
-1.547000E-002,-1.52E-3,
-1.546000E-002,-8.8E-4,
-1.545000E-002,-3.2E-4,
-1.544000E-002,-7.2E-4,
-1.543000E-002,-1.28E-3,
-1.542000E-002,-1.52E-3,
-1.541000E-002,-4.8E-4,
-1.540000E-002,-4.8E-4,
-1.539000E-002,-1.12E-3,
-1.538000E-002,-1.52E-3,
-1.537000E-002,-1.12E-3,
-1.536000E-002,-3.2E-4,
-1.535000E-002,-1.12E-3,
-1.534000E-002,-1.52E-3,
-1.533000E-002,-1.28E-3,
-1.532000E-002,-4.8E-4,
-1.531000E-002,-4.8E-4,
-1.530000E-002,-8.8E-4,
-1.529000E-002,-1.68E-3,
-1.528000E-002,-8.8E-4,
-1.527000E-002,-4.8E-4,
-1.526000E-002,-8.8E-4,
-1.525000E-002,-1.68E-3,
-1.524000E-002,-1.12E-3,
-1.523000E-002,-3.2E-4,
-1.522000E-002,-7.2E-4,
-1.521000E-002,-1.52E-3,
-1.520000E-002,-1.52E-3,
-1.519000E-002,-8.8E-4,
-1.518000E-002,-3.2E-4,
-1.517000E-002,-8.8E-4,
-1.516000E-002,-1.52E-3,
-1.515000E-002,-1.12E-3,
-1.514000E-002,-4.8E-4,
-1.513000E-002,-4.8E-4,
-1.512000E-002,-1.28E-3,
-1.511000E-002,-1.28E-3,
-1.510000E-002,-4.8E-4,
-1.509000E-002,-4.8E-4,
-1.508000E-002,-1.12E-3,
-1.507000E-002,-1.52E-3,
-1.506000E-002,-8.8E-4,
-1.505000E-002,-3.2E-4,
-1.504000E-002,-8.8E-4,
-1.503000E-002,-1.52E-3,
-1.502000E-002,-1.12E-3,
-1.501000E-002,-3.2E-4,
-1.500000E-002,-3.2E-4,
-1.499000E-002,-1.12E-3,
-1.498000E-002,-1.52E-3,
-1.497000E-002,-8.8E-4,
-1.496000E-002,-3.2E-4,
-1.495000E-002,-1.12E-3,
-1.494000E-002,-1.52E-3,
-1.493000E-002,-8.8E-4,
-1.492000E-002,-3.2E-4,
-1.491000E-002,-4.8E-4,
-1.490000E-002,-1.28E-3,
-1.489000E-002,-1.52E-3,
-1.488000E-002,-4.8E-4,
-1.487000E-002,-3.2E-4,
-1.486000E-002,-8.8E-4,
-1.485000E-002,-1.52E-3,
-1.484000E-002,-1.28E-3,
-1.483000E-002,-3.2E-4,
-1.482000E-002,-7.2E-4,
-1.481000E-002,-1.52E-3,
-1.480000E-002,-1.52E-3,
-1.479000E-002,-7.2E-4,
-1.478000E-002,-3.2E-4,
-1.477000E-002,-1.12E-3,
-1.476000E-002,-1.68E-3,
-1.475000E-002,-8.8E-4,
-1.474000E-002,0E+0,
-1.473000E-002,-8.8E-4,
-1.472000E-002,-1.52E-3,
-1.471000E-002,-1.28E-3,
-1.470000E-002,-4.8E-4,
-1.469000E-002,-4.8E-4,
-1.468000E-002,-1.28E-3,
-1.467000E-002,-1.52E-3,
-1.466000E-002,-1.12E-3,
-1.465000E-002,-4.8E-4,
-1.464000E-002,-1.12E-3,
-1.463000E-002,-1.52E-3,
-1.462000E-002,-1.28E-3,
-1.461000E-002,-4.8E-4,
-1.460000E-002,-8.8E-4,
-1.459000E-002,-1.68E-3,
-1.458000E-002,-1.68E-3,
-1.457000E-002,-1.12E-3,
-1.456000E-002,-4.8E-4,
-1.455000E-002,-1.12E-3,
-1.454000E-002,-1.68E-3,
-1.453000E-002,-1.52E-3,
-1.452000E-002,-4.8E-4,
-1.451000E-002,-8.8E-4,
-1.450000E-002,-1.68E-3,
-1.449000E-002,-1.68E-3,
-1.448000E-002,-1.12E-3,
-1.447000E-002,-7.2E-4,
-1.446000E-002,-1.52E-3,
-1.445000E-002,-1.68E-3,
-1.444000E-002,-1.68E-3,
-1.443000E-002,-8.8E-4,
-1.442000E-002,-1.28E-3,
-1.441000E-002,-1.68E-3,
-1.440000E-002,-1.52E-3,
-1.439000E-002,-1.12E-3,
-1.438000E-002,-1.12E-3,
-1.437000E-002,-1.52E-3,
-1.436000E-002,-2.08E-3,
-1.435000E-002,-1.52E-3,
-1.434000E-002,-1.12E-3,
-1.433000E-002,-1.52E-3,
-1.432000E-002,-1.68E-3,
-1.431000E-002,-1.92E-3,
-1.430000E-002,-1.28E-3,
-1.429000E-002,-1.12E-3,
-1.428000E-002,-1.92E-3,
-1.427000E-002,-2.32E-3,
-1.426000E-002,-1.52E-3,
-1.425000E-002,-8.8E-4,
-1.424000E-002,-1.28E-3,
-1.423000E-002,-1.92E-3,
-1.422000E-002,-1.68E-3,
-1.421000E-002,-1.12E-3,
-1.420000E-002,-1.28E-3,
-1.419000E-002,-1.68E-3,
-1.418000E-002,-1.92E-3,
-1.417000E-002,-1.28E-3,
-1.416000E-002,-7.2E-4,
-1.415000E-002,-1.52E-3,
-1.414000E-002,-1.92E-3,
-1.413000E-002,-1.68E-3,
-1.412000E-002,-1.12E-3,
-1.411000E-002,-1.12E-3,
-1.410000E-002,-1.68E-3,
-1.409000E-002,-1.92E-3,
-1.408000E-002,-1.52E-3,
-1.407000E-002,-1.12E-3,
-1.406000E-002,-1.68E-3,
-1.405000E-002,-1.92E-3,
-1.404000E-002,-1.68E-3,
-1.403000E-002,-8.8E-4,
-1.402000E-002,-1.28E-3,
-1.401000E-002,-1.92E-3,
-1.400000E-002,-1.92E-3,
-1.399000E-002,-1.28E-3,
-1.398000E-002,-1.12E-3,
-1.397000E-002,-1.68E-3,
-1.396000E-002,-2.08E-3,
-1.395000E-002,-1.52E-3,
-1.394000E-002,-1.12E-3,
-1.393000E-002,-1.28E-3,
-1.392000E-002,-1.92E-3,
-1.391000E-002,-1.68E-3,
-1.390000E-002,-1.12E-3,
-1.389000E-002,-1.28E-3,
-1.388000E-002,-1.68E-3,
-1.387000E-002,-1.68E-3,
-1.386000E-002,-1.52E-3,
-1.385000E-002,-4.8E-4,
-1.384000E-002,-1.28E-3,
-1.383000E-002,-1.92E-3,
-1.382000E-002,-1.92E-3,
-1.381000E-002,-1.12E-3,
-1.380000E-002,-8.8E-4,
-1.379000E-002,-1.68E-3,
-1.378000E-002,-1.68E-3,
-1.377000E-002,-1.28E-3,
-1.376000E-002,-7.2E-4,
-1.375000E-002,-1.52E-3,
-1.374000E-002,-1.92E-3,
-1.373000E-002,-1.68E-3,
-1.372000E-002,-8.8E-4,
-1.371000E-002,-8.8E-4,
-1.370000E-002,-1.68E-3,
-1.369000E-002,-1.92E-3,
-1.368000E-002,-1.28E-3,
-1.367000E-002,-1.12E-3,
-1.366000E-002,-1.52E-3,
-1.365000E-002,-1.68E-3,
-1.364000E-002,-1.52E-3,
-1.363000E-002,-8.8E-4,
-1.362000E-002,-1.28E-3,
-1.361000E-002,-1.68E-3,
-1.360000E-002,-1.68E-3,
-1.359000E-002,-1.12E-3,
-1.358000E-002,-8.8E-4,
-1.357000E-002,-1.28E-3,
-1.356000E-002,-1.68E-3,
-1.355000E-002,-1.28E-3,
-1.354000E-002,-7.2E-4,
-1.353000E-002,-1.12E-3,
-1.352000E-002,-1.92E-3,
-1.351000E-002,-1.92E-3,
-1.350000E-002,-1.12E-3,
-1.349000E-002,-8.8E-4,
-1.348000E-002,-1.52E-3,
-1.347000E-002,-1.68E-3,
-1.346000E-002,-1.28E-3,
-1.345000E-002,-7.2E-4,
-1.344000E-002,-1.12E-3,
-1.343000E-002,-1.68E-3,
-1.342000E-002,-1.52E-3,
-1.341000E-002,-8.8E-4,
-1.340000E-002,-4.8E-4,
-1.339000E-002,-1.28E-3,
-1.338000E-002,-1.68E-3,
-1.337000E-002,-1.28E-3,
-1.336000E-002,-7.2E-4,
-1.335000E-002,-8.8E-4,
-1.334000E-002,-1.52E-3,
-1.333000E-002,-1.52E-3,
-1.332000E-002,-8.8E-4,
-1.331000E-002,-4.8E-4,
-1.330000E-002,-1.52E-3,
-1.329000E-002,-1.68E-3,
-1.328000E-002,-1.28E-3,
-1.327000E-002,-7.2E-4,
-1.326000E-002,-1.12E-3,
-1.325000E-002,-1.68E-3,
-1.324000E-002,-1.52E-3,
-1.323000E-002,-8.8E-4,
-1.322000E-002,-7.2E-4,
-1.321000E-002,-1.28E-3,
-1.320000E-002,-1.52E-3,
-1.319000E-002,-8.8E-4,
-1.318000E-002,-7.2E-4,
-1.317000E-002,-7.2E-4,
-1.316000E-002,-1.52E-3,
-1.315000E-002,-1.52E-3,
-1.314000E-002,-7.2E-4,
-1.313000E-002,-7.2E-4,
-1.312000E-002,-1.52E-3,
-1.311000E-002,-1.68E-3,
-1.310000E-002,-8.8E-4,
-1.309000E-002,-4.8E-4,
-1.308000E-002,-8.8E-4,
-1.307000E-002,-1.68E-3,
-1.306000E-002,-1.52E-3,
-1.305000E-002,-7.2E-4,
-1.304000E-002,-7.2E-4,
-1.303000E-002,-1.52E-3,
-1.302000E-002,-1.28E-3,
-1.301000E-002,-8.8E-4,
-1.300000E-002,-4.8E-4,
-1.299000E-002,-1.12E-3,
-1.298000E-002,-1.68E-3,
-1.297000E-002,-1.12E-3,
-1.296000E-002,-4.8E-4,
-1.295000E-002,-4.8E-4,
-1.294000E-002,-1.28E-3,
-1.293000E-002,-1.28E-3,
-1.292000E-002,-1.12E-3,
-1.291000E-002,-3.2E-4,
-1.290000E-002,-8.8E-4,
-1.289000E-002,-1.28E-3,
-1.288000E-002,-1.12E-3,
-1.287000E-002,-4.8E-4,
-1.286000E-002,-3.2E-4,
-1.285000E-002,-1.12E-3,
-1.284000E-002,-1.52E-3,
-1.283000E-002,-7.2E-4,
-1.282000E-002,-3.2E-4,
-1.281000E-002,-8.8E-4,
-1.280000E-002,-1.52E-3,
-1.279000E-002,-1.12E-3,
-1.278000E-002,-4.8E-4,
-1.277000E-002,-7.2E-4,
-1.276000E-002,-1.52E-3,
-1.275000E-002,-1.52E-3,
-1.274000E-002,-7.2E-4,
-1.273000E-002,0E+0,
-1.272000E-002,-7.2E-4,
-1.271000E-002,-1.28E-3,
-1.270000E-002,-1.12E-3,
-1.269000E-002,-3.2E-4,
-1.268000E-002,-7.2E-4,
-1.267000E-002,-1.28E-3,
-1.266000E-002,-1.52E-3,
-1.265000E-002,-4.8E-4,
-1.264000E-002,0E+0,
-1.263000E-002,-8.8E-4,
-1.262000E-002,-1.52E-3,
-1.261000E-002,-1.12E-3,
-1.260000E-002,-4.8E-4,
-1.259000E-002,-4.8E-4,
-1.258000E-002,-1.28E-3,
-1.257000E-002,-1.28E-3,
-1.256000E-002,-7.2E-4,
-1.255000E-002,0E+0,
-1.254000E-002,-7.2E-4,
-1.253000E-002,-1.28E-3,
-1.252000E-002,-8.8E-4,
-1.251000E-002,0E+0,
-1.250000E-002,-7.2E-4,
-1.249000E-002,-1.12E-3,
-1.248000E-002,-1.12E-3,
-1.247000E-002,0E+0,
-1.246000E-002,0E+0,
-1.245000E-002,-8.8E-4,
-1.244000E-002,-1.28E-3,
-1.243000E-002,-8.8E-4,
-1.242000E-002,0E+0,
-1.241000E-002,-3.2E-4,
-1.240000E-002,-1.12E-3,
-1.239000E-002,-1.28E-3,
-1.238000E-002,-4.8E-4,
-1.237000E-002,-3.2E-4,
-1.236000E-002,-8.8E-4,
-1.235000E-002,-1.28E-3,
-1.234000E-002,-8.8E-4,
-1.233000E-002,0E+0,
-1.232000E-002,-4.8E-4,
-1.231000E-002,-1.52E-3,
-1.230000E-002,-1.28E-3,
-1.229000E-002,-4.8E-4,
-1.228000E-002,0E+0,
-1.227000E-002,-8.8E-4,
-1.226000E-002,-1.28E-3,
-1.225000E-002,-8.8E-4,
-1.224000E-002,0E+0,
-1.223000E-002,-4.8E-4,
-1.222000E-002,-1.28E-3,
-1.221000E-002,-8.8E-4,
-1.220000E-002,-3.2E-4,
-1.219000E-002,0E+0,
-1.218000E-002,-7.2E-4,
-1.217000E-002,-1.28E-3,
-1.216000E-002,-8.8E-4,
-1.215000E-002,0E+0,
-1.214000E-002,-4.8E-4,
-1.213000E-002,-1.12E-3,
-1.212000E-002,-1.28E-3,
-1.211000E-002,-7.2E-4,
-1.210000E-002,0E+0,
-1.209000E-002,-8.8E-4,
-1.208000E-002,-1.28E-3,
-1.207000E-002,-8.8E-4,
-1.206000E-002,0E+0,
-1.205000E-002,-3.2E-4,
-1.204000E-002,-8.8E-4,
-1.203000E-002,-7.2E-4,
-1.202000E-002,0E+0,
-1.201000E-002,0E+0,
-1.200000E-002,-7.2E-4,
-1.199000E-002,-1.28E-3,
-1.198000E-002,-8.8E-4,
-1.197000E-002,0E+0,
-1.196000E-002,-3.2E-4,
-1.195000E-002,-1.12E-3,
-1.194000E-002,-1.12E-3,
-1.193000E-002,-3.2E-4,
-1.192000E-002,0E+0,
-1.191000E-002,-7.2E-4,
-1.190000E-002,-1.28E-3,
-1.189000E-002,-7.2E-4,
-1.188000E-002,4E-4,
-1.187000E-002,-3.2E-4,
-1.186000E-002,-8.8E-4,
-1.185000E-002,-1.12E-3,
-1.184000E-002,-3.2E-4,
-1.183000E-002,0E+0,
-1.182000E-002,-7.2E-4,
-1.181000E-002,-1.12E-3,
-1.180000E-002,-4.8E-4,
-1.179000E-002,0E+0,
-1.178000E-002,-4.8E-4,
-1.177000E-002,-8.8E-4,
-1.176000E-002,-8.8E-4,
-1.175000E-002,-3.2E-4,
-1.174000E-002,0E+0,
-1.173000E-002,-7.2E-4,
-1.172000E-002,-1.12E-3,
-1.171000E-002,-7.2E-4,
-1.170000E-002,0E+0,
-1.169000E-002,-3.2E-4,
-1.168000E-002,-8.8E-4,
-1.167000E-002,-8.8E-4,
-1.166000E-002,0E+0,
-1.165000E-002,4E-4,
-1.164000E-002,-4.8E-4,
-1.163000E-002,-8.8E-4,
-1.162000E-002,-4.8E-4,
-1.161000E-002,1.6E-4,
-1.160000E-002,0E+0,
-1.159000E-002,-8.8E-4,
-1.158000E-002,-7.2E-4,
-1.157000E-002,1.6E-4,
-1.156000E-002,0E+0,
-1.155000E-002,-7.2E-4,
-1.154000E-002,-1.12E-3,
-1.153000E-002,-7.2E-4,
-1.152000E-002,1.6E-4,
-1.151000E-002,0E+0,
-1.150000E-002,-8.8E-4,
-1.149000E-002,-7.2E-4,
-1.148000E-002,0E+0,
-1.147000E-002,1.6E-4,
-1.146000E-002,-3.2E-4,
-1.145000E-002,-1.12E-3,
-1.144000E-002,-7.2E-4,
-1.143000E-002,1.6E-4,
-1.142000E-002,1.6E-4,
-1.141000E-002,-7.2E-4,
-1.140000E-002,-8.8E-4,
-1.139000E-002,0E+0,
-1.138000E-002,4E-4,
-1.137000E-002,-4.8E-4,
-1.136000E-002,-8.8E-4,
-1.135000E-002,0E+0,
-1.134000E-002,1.6E-4,
-1.133000E-002,0E+0,
-1.132000E-002,-7.2E-4,
-1.131000E-002,-7.2E-4,
-1.130000E-002,0E+0,
-1.129000E-002,1.6E-4,
-1.128000E-002,0E+0,
-1.127000E-002,-7.2E-4,
-1.126000E-002,0E+0,
-1.125000E-002,1.6E-4,
-1.124000E-002,1.6E-4,
-1.123000E-002,-7.2E-4,
-1.122000E-002,-7.2E-4,
-1.121000E-002,0E+0,
-1.120000E-002,4E-4,
-1.119000E-002,-3.2E-4,
-1.118000E-002,-8.8E-4,
-1.117000E-002,-7.2E-4,
-1.116000E-002,4E-4,
-1.115000E-002,0E+0,
-1.114000E-002,-8.8E-4,
-1.113000E-002,-7.2E-4,
-1.112000E-002,1.6E-4,
-1.111000E-002,5.6E-4,
-1.110000E-002,0E+0,
-1.109000E-002,-7.2E-4,
-1.108000E-002,-3.2E-4,
-1.107000E-002,4E-4,
-1.106000E-002,1.6E-4,
-1.105000E-002,-4.8E-4,
-1.104000E-002,-4.8E-4,
-1.103000E-002,1.6E-4,
-1.102000E-002,4E-4,
-1.101000E-002,0E+0,
-1.100000E-002,-7.2E-4,
-1.099000E-002,-7.2E-4,
-1.098000E-002,1.6E-4,
-1.097000E-002,1.6E-4,
-1.096000E-002,-3.2E-4,
-1.095000E-002,-7.2E-4,
-1.094000E-002,1.6E-4,
-1.093000E-002,4E-4,
-1.092000E-002,0E+0,
-1.091000E-002,-8.8E-4,
-1.090000E-002,-3.2E-4,
-1.089000E-002,5.6E-4,
-1.088000E-002,1.6E-4,
-1.087000E-002,-3.2E-4,
-1.086000E-002,-7.2E-4,
-1.085000E-002,0E+0,
-1.084000E-002,5.6E-4,
-1.083000E-002,0E+0,
-1.082000E-002,-7.2E-4,
-1.081000E-002,-3.2E-4,
-1.080000E-002,4E-4,
-1.079000E-002,1.6E-4,
-1.078000E-002,-3.2E-4,
-1.077000E-002,-7.2E-4,
-1.076000E-002,0E+0,
-1.075000E-002,8E-4,
-1.074000E-002,1.6E-4,
-1.073000E-002,-4.8E-4,
-1.072000E-002,0E+0,
-1.071000E-002,5.6E-4,
-1.070000E-002,4E-4,
-1.069000E-002,-4.8E-4,
-1.068000E-002,-7.2E-4,
-1.067000E-002,0E+0,
-1.066000E-002,5.6E-4,
-1.065000E-002,0E+0,
-1.064000E-002,-7.2E-4,
-1.063000E-002,0E+0,
-1.062000E-002,4E-4,
-1.061000E-002,5.6E-4,
-1.060000E-002,-3.2E-4,
-1.059000E-002,-4.8E-4,
-1.058000E-002,0E+0,
-1.057000E-002,5.6E-4,
-1.056000E-002,1.6E-4,
-1.055000E-002,-4.8E-4,
-1.054000E-002,-3.2E-4,
-1.053000E-002,4E-4,
-1.052000E-002,4E-4,
-1.051000E-002,0E+0,
-1.050000E-002,-4.8E-4,
-1.049000E-002,0E+0,
-1.048000E-002,8E-4,
-1.047000E-002,4E-4,
-1.046000E-002,-4.8E-4,
-1.045000E-002,-3.2E-4,
-1.044000E-002,4E-4,
-1.043000E-002,8E-4,
-1.042000E-002,0E+0,
-1.041000E-002,-3.2E-4,
-1.040000E-002,0E+0,
-1.039000E-002,8E-4,
-1.038000E-002,4E-4,
-1.037000E-002,-4.8E-4,
-1.036000E-002,0E+0,
-1.035000E-002,5.6E-4,
-1.034000E-002,8E-4,
-1.033000E-002,0E+0,
-1.032000E-002,-4.8E-4,
-1.031000E-002,1.6E-4,
-1.030000E-002,8E-4,
-1.029000E-002,4E-4,
-1.028000E-002,-4.8E-4,
-1.027000E-002,0E+0,
-1.026000E-002,4E-4,
-1.025000E-002,8E-4,
-1.024000E-002,0E+0,
-1.023000E-002,-4.8E-4,
-1.022000E-002,0E+0,
-1.021000E-002,8E-4,
-1.020000E-002,4E-4,
-1.019000E-002,-3.2E-4,
-1.018000E-002,-3.2E-4,
-1.017000E-002,5.6E-4,
-1.016000E-002,8E-4,
-1.015000E-002,1.6E-4,
-1.014000E-002,-4.8E-4,
-1.013000E-002,1.6E-4,
-1.012000E-002,5.6E-4,
-1.011000E-002,4E-4,
-1.010000E-002,0E+0,
-1.009000E-002,-4.8E-4,
-1.008000E-002,4E-4,
-1.007000E-002,8E-4,
-1.006000E-002,1.6E-4,
-1.005000E-002,-3.2E-4,
-1.004000E-002,1.6E-4,
-1.003000E-002,8E-4,
-1.002000E-002,5.6E-4,
-1.001000E-002,0E+0,
-1.000000E-002,-3.2E-4,
-9.990000E-003,4E-4,
-9.980000E-003,8E-4,
-9.970000E-003,1.6E-4,
-9.960000E-003,-3.2E-4,
-9.950000E-003,1.6E-4,
-9.940000E-003,8E-4,
-9.930000E-003,5.6E-4,
-9.920000E-003,0E+0,
-9.910000E-003,-3.2E-4,
-9.900000E-003,4E-4,
-9.890000E-003,8E-4,
-9.880000E-003,4E-4,
-9.870000E-003,-3.2E-4,
-9.860000E-003,0E+0,
-9.850000E-003,8E-4,
-9.840000E-003,5.6E-4,
-9.830000E-003,0E+0,
-9.820000E-003,0E+0,
-9.810000E-003,5.6E-4,
-9.800000E-003,8E-4,
-9.790000E-003,4E-4,
-9.780000E-003,-4.8E-4,
-9.770000E-003,0E+0,
-9.760000E-003,8E-4,
-9.750000E-003,8E-4,
-9.740000E-003,0E+0,
-9.730000E-003,-3.2E-4,
-9.720000E-003,1.6E-4,
-9.710000E-003,8E-4,
-9.700000E-003,4E-4,
-9.690000E-003,0E+0,
-9.680000E-003,0E+0,
-9.670000E-003,8E-4,
-9.660000E-003,9.6E-4,
-9.650000E-003,1.6E-4,
-9.640000E-003,-4.8E-4,
-9.630000E-003,0E+0,
-9.620000E-003,8E-4,
-9.610000E-003,4E-4,
-9.600000E-003,0E+0,
-9.590000E-003,0E+0,
-9.580000E-003,8E-4,
-9.570000E-003,8E-4,
-9.560000E-003,1.6E-4,
-9.550000E-003,-3.2E-4,
-9.540000E-003,0E+0,
-9.530000E-003,8E-4,
-9.520000E-003,4E-4,
-9.510000E-003,-3.2E-4,
-9.500000E-003,0E+0,
-9.490000E-003,5.6E-4,
-9.480000E-003,8E-4,
-9.470000E-003,1.6E-4,
-9.460000E-003,-4.8E-4,
-9.450000E-003,0E+0,
-9.440000E-003,4E-4,
-9.430000E-003,4E-4,
-9.420000E-003,-3.2E-4,
-9.410000E-003,-4.8E-4,
-9.400000E-003,0E+0,
-9.390000E-003,4E-4,
-9.380000E-003,1.6E-4,
-9.370000E-003,-7.2E-4,
-9.360000E-003,-4.8E-4,
-9.350000E-003,4E-4,
-9.340000E-003,1.6E-4,
-9.330000E-003,-7.2E-4,
-9.320000E-003,-8.8E-4,
-9.310000E-003,0E+0,
-9.300000E-003,4E-4,
-9.290000E-003,0E+0,
-9.280000E-003,-8.8E-4,
-9.270000E-003,-7.2E-4,
-9.260000E-003,0E+0,
-9.250000E-003,1.6E-4,
-9.240000E-003,-4.8E-4,
-9.230000E-003,-1.12E-3,
-9.220000E-003,-4.8E-4,
-9.210000E-003,1.6E-4,
-9.200000E-003,0E+0,
-9.190000E-003,-8.8E-4,
-9.180000E-003,-8.8E-4,
-9.170000E-003,-4.8E-4,
-9.160000E-003,0E+0,
-9.150000E-003,-7.2E-4,
-9.140000E-003,-1.28E-3,
-9.130000E-003,-8.8E-4,
-9.120000E-003,0E+0,
-9.110000E-003,-4.8E-4,
-9.100000E-003,-1.28E-3,
-9.090000E-003,-1.28E-3,
-9.080000E-003,-7.2E-4,
-9.070000E-003,-4.8E-4,
-9.060000E-003,-1.12E-3,
-9.050000E-003,-1.52E-3,
-9.040000E-003,-1.28E-3,
-9.030000E-003,-7.2E-4,
-9.020000E-003,-7.2E-4,
-9.010000E-003,-1.68E-3,
-9.000000E-003,-1.68E-3,
-8.990000E-003,-1.12E-3,
-8.980000E-003,-4.8E-4,
-8.970000E-003,-1.28E-3,
-8.960000E-003,-1.68E-3,
-8.950000E-003,-1.52E-3,
-8.940000E-003,-8.8E-4,
-8.930000E-003,-1.12E-3,
-8.920000E-003,-1.68E-3,
-8.910000E-003,-1.92E-3,
-8.900000E-003,-1.28E-3,
-8.890000E-003,-8.8E-4,
-8.880000E-003,-1.52E-3,
-8.870000E-003,-1.92E-3,
-8.860000E-003,-1.68E-3,
-8.850000E-003,-1.12E-3,
-8.840000E-003,-1.12E-3,
-8.830000E-003,-1.68E-3,
-8.820000E-003,-1.92E-3,
-8.810000E-003,-1.28E-3,
-8.800000E-003,-8.8E-4,
-8.790000E-003,-1.52E-3,
-8.780000E-003,-2.08E-3,
-8.770000E-003,-1.92E-3,
-8.760000E-003,-1.28E-3,
-8.750000E-003,-1.12E-3,
-8.740000E-003,-1.52E-3,
-8.730000E-003,-1.92E-3,
-8.720000E-003,-1.68E-3,
-8.710000E-003,-1.12E-3,
-8.700000E-003,-1.52E-3,
-8.690000E-003,-1.92E-3,
-8.680000E-003,-1.92E-3,
-8.670000E-003,-1.28E-3,
-8.660000E-003,-8.8E-4,
-8.650000E-003,-1.52E-3,
-8.640000E-003,-1.68E-3,
-8.630000E-003,-1.68E-3,
-8.620000E-003,-1.12E-3,
-8.610000E-003,-1.28E-3,
-8.600000E-003,-1.68E-3,
-8.590000E-003,-1.92E-3,
-8.580000E-003,-1.52E-3,
-8.570000E-003,-1.12E-3,
-8.560000E-003,-1.52E-3,
-8.550000E-003,-2.32E-3,
-8.540000E-003,-1.68E-3,
-8.530000E-003,-1.12E-3,
-8.520000E-003,-1.12E-3,
-8.510000E-003,-1.68E-3,
-8.500000E-003,-2.08E-3,
-8.490000E-003,-1.52E-3,
-8.480000E-003,-8.8E-4,
-8.470000E-003,-1.52E-3,
-8.460000E-003,-2.08E-3,
-8.450000E-003,-1.92E-3,
-8.440000E-003,-1.12E-3,
-8.430000E-003,-1.12E-3,
-8.420000E-003,-1.68E-3,
-8.410000E-003,-2.32E-3,
-8.400000E-003,-1.52E-3,
-8.390000E-003,-1.12E-3,
-8.380000E-003,-1.12E-3,
-8.370000E-003,-2.08E-3,
-8.360000E-003,-1.68E-3,
-8.350000E-003,-1.12E-3,
-8.340000E-003,-8.8E-4,
-8.330000E-003,-1.52E-3,
-8.320000E-003,-2.08E-3,
-8.310000E-003,-1.52E-3,
-8.300000E-003,-8.8E-4,
-8.290000E-003,-1.12E-3,
-8.280000E-003,-1.68E-3,
-8.270000E-003,-1.52E-3,
-8.260000E-003,-1.28E-3,
-8.250000E-003,-8.8E-4,
-8.240000E-003,-1.52E-3,
-8.230000E-003,-1.92E-3,
-8.220000E-003,-1.68E-3,
-8.210000E-003,-8.8E-4,
-8.200000E-003,-7.2E-4,
-8.190000E-003,-1.68E-3,
-8.180000E-003,-1.68E-3,
-8.170000E-003,-1.28E-3,
-8.160000E-003,-8.8E-4,
-8.150000E-003,-1.12E-3,
-8.140000E-003,-1.68E-3,
-8.130000E-003,-1.52E-3,
-8.120000E-003,-7.2E-4,
-8.110000E-003,-8.8E-4,
-8.100000E-003,-1.52E-3,
-8.090000E-003,-1.68E-3,
-8.080000E-003,-1.52E-3,
-8.070000E-003,-7.2E-4,
-8.060000E-003,-8.8E-4,
-8.050000E-003,-1.68E-3,
-8.040000E-003,-1.68E-3,
-8.030000E-003,-8.8E-4,
-8.020000E-003,-7.2E-4,
-8.010000E-003,-1.52E-3,
-8.000000E-003,-1.68E-3,
-7.990000E-003,-1.28E-3,
-7.980000E-003,-4.8E-4,
-7.970000E-003,-8.8E-4,
-7.960000E-003,-1.52E-3,
-7.950000E-003,-1.68E-3,
-7.940000E-003,-8.8E-4,
-7.930000E-003,-4.8E-4,
-7.920000E-003,-1.52E-3,
-7.910000E-003,-1.68E-3,
-7.900000E-003,-1.28E-3,
-7.890000E-003,-7.2E-4,
-7.880000E-003,-7.2E-4,
-7.870000E-003,-1.52E-3,
-7.860000E-003,-1.68E-3,
-7.850000E-003,-1.12E-3,
-7.840000E-003,-4.8E-4,
-7.830000E-003,-8.8E-4,
-7.820000E-003,-1.52E-3,
-7.810000E-003,-1.52E-3,
-7.800000E-003,-7.2E-4,
-7.790000E-003,-4.8E-4,
-7.780000E-003,-1.28E-3,
-7.770000E-003,-1.52E-3,
-7.760000E-003,-8.8E-4,
-7.750000E-003,-3.2E-4,
-7.740000E-003,-7.2E-4,
-7.730000E-003,-1.28E-3,
-7.720000E-003,-1.52E-3,
-7.710000E-003,-7.2E-4,
-7.700000E-003,-4.8E-4,
-7.690000E-003,-1.12E-3,
-7.680000E-003,-1.52E-3,
-7.670000E-003,-1.12E-3,
-7.660000E-003,-7.2E-4,
-7.650000E-003,-7.2E-4,
-7.640000E-003,-1.52E-3,
-7.630000E-003,-1.52E-3,
-7.620000E-003,-4.8E-4,
-7.610000E-003,-3.2E-4,
-7.600000E-003,-8.8E-4,
-7.590000E-003,-1.28E-3,
-7.580000E-003,-1.12E-3,
-7.570000E-003,-4.8E-4,
-7.560000E-003,-3.2E-4,
-7.550000E-003,-1.28E-3,
-7.540000E-003,-1.28E-3,
-7.530000E-003,-8.8E-4,
-7.520000E-003,-3.2E-4,
-7.510000E-003,-4.8E-4,
-7.500000E-003,-1.28E-3,
-7.490000E-003,-1.12E-3,
-7.480000E-003,-7.2E-4,
-7.470000E-003,-4.8E-4,
-7.460000E-003,-8.8E-4,
-7.450000E-003,-1.52E-3,
-7.440000E-003,-8.8E-4,
-7.430000E-003,0E+0,
-7.420000E-003,-4.8E-4,
-7.410000E-003,-1.28E-3,
-7.400000E-003,-1.28E-3,
-7.390000E-003,-8.8E-4,
-7.380000E-003,-3.2E-4,
-7.370000E-003,-8.8E-4,
-7.360000E-003,-1.52E-3,
-7.350000E-003,-1.12E-3,
-7.340000E-003,-3.2E-4,
-7.330000E-003,-7.2E-4,
-7.320000E-003,-1.28E-3,
-7.310000E-003,-1.52E-3,
-7.300000E-003,-8.8E-4,
-7.290000E-003,0E+0,
-7.280000E-003,-8.8E-4,
-7.270000E-003,-1.28E-3,
-7.260000E-003,-8.8E-4,
-7.250000E-003,-3.2E-4,
-7.240000E-003,-3.2E-4,
-7.230000E-003,-8.8E-4,
-7.220000E-003,-1.28E-3,
-7.210000E-003,-7.2E-4,
-7.200000E-003,0E+0,
-7.190000E-003,-4.8E-4,
-7.180000E-003,-1.28E-3,
-7.170000E-003,-1.28E-3,
-7.160000E-003,-4.8E-4,
-7.150000E-003,0E+0,
-7.140000E-003,-4.8E-4,
-7.130000E-003,-1.12E-3,
-7.120000E-003,-8.8E-4,
-7.110000E-003,-3.2E-4,
-7.100000E-003,-3.2E-4,
-7.090000E-003,-1.12E-3,
-7.080000E-003,-1.28E-3,
-7.070000E-003,-3.2E-4,
-7.060000E-003,1.6E-4,
-7.050000E-003,-7.2E-4,
-7.040000E-003,-1.12E-3,
-7.030000E-003,-8.8E-4,
-7.020000E-003,-3.2E-4,
-7.010000E-003,0E+0,
-7.000000E-003,-8.8E-4,
-6.990000E-003,-1.12E-3,
-6.980000E-003,-7.2E-4,
-6.970000E-003,0E+0,
-6.960000E-003,-7.2E-4,
-6.950000E-003,-1.28E-3,
-6.940000E-003,-1.28E-3,
-6.930000E-003,-3.2E-4,
-6.920000E-003,0E+0,
-6.910000E-003,-8.8E-4,
-6.900000E-003,-1.12E-3,
-6.890000E-003,-7.2E-4,
-6.880000E-003,0E+0,
-6.870000E-003,0E+0,
-6.860000E-003,-1.12E-3,
-6.850000E-003,-1.12E-3,
-6.840000E-003,-3.2E-4,
-6.830000E-003,0E+0,
-6.820000E-003,-3.2E-4,
-6.810000E-003,-1.28E-3,
-6.800000E-003,-8.8E-4,
-6.790000E-003,-3.2E-4,
-6.780000E-003,0E+0,
-6.770000E-003,-7.2E-4,
-6.760000E-003,-1.28E-3,
-6.750000E-003,-7.2E-4,
-6.740000E-003,0E+0,
-6.730000E-003,-3.2E-4,
-6.720000E-003,-1.12E-3,
-6.710000E-003,-1.12E-3,
-6.700000E-003,0E+0,
-6.690000E-003,0E+0,
-6.680000E-003,-7.2E-4,
-6.670000E-003,-1.12E-3,
-6.660000E-003,-7.2E-4,
-6.650000E-003,0E+0,
-6.640000E-003,-3.2E-4,
-6.630000E-003,-1.12E-3,
-6.620000E-003,-1.12E-3,
-6.610000E-003,-4.8E-4,
-6.600000E-003,0E+0,
-6.590000E-003,-7.2E-4,
-6.580000E-003,-1.12E-3,
-6.570000E-003,-1.12E-3,
-6.560000E-003,-3.2E-4,
-6.550000E-003,-3.2E-4,
-6.540000E-003,-8.8E-4,
-6.530000E-003,-1.12E-3,
-6.520000E-003,-4.8E-4,
-6.510000E-003,0E+0,
-6.500000E-003,-3.2E-4,
-6.490000E-003,-1.12E-3,
-6.480000E-003,-1.12E-3,
-6.470000E-003,0E+0,
-6.460000E-003,0E+0,
-6.450000E-003,-4.8E-4,
-6.440000E-003,-1.12E-3,
-6.430000E-003,-7.2E-4,
-6.420000E-003,0E+0,
-6.410000E-003,-4.8E-4,
-6.400000E-003,-1.12E-3,
-6.390000E-003,-1.12E-3,
-6.380000E-003,-4.8E-4,
-6.370000E-003,1.6E-4,
-6.360000E-003,-3.2E-4,
-6.350000E-003,-1.12E-3,
-6.340000E-003,-8.8E-4,
-6.330000E-003,-3.2E-4,
-6.320000E-003,0E+0,
-6.310000E-003,-8.8E-4,
-6.300000E-003,-1.12E-3,
-6.290000E-003,-8.8E-4,
-6.280000E-003,0E+0,
-6.270000E-003,-3.2E-4,
-6.260000E-003,-1.12E-3,
-6.250000E-003,-1.28E-3,
-6.240000E-003,-3.2E-4,
-6.230000E-003,0E+0,
-6.220000E-003,-7.2E-4,
-6.210000E-003,-1.28E-3,
-6.200000E-003,-8.8E-4,
-6.190000E-003,0E+0,
-6.180000E-003,-3.2E-4,
-6.170000E-003,-1.28E-3,
-6.160000E-003,-1.12E-3,
-6.150000E-003,-7.2E-4,
-6.140000E-003,0E+0,
-6.130000E-003,-8.8E-4,
-6.120000E-003,-1.52E-3,
-6.110000E-003,-1.28E-3,
-6.100000E-003,-7.2E-4,
-6.090000E-003,-4.8E-4,
-6.080000E-003,-8.8E-4,
-6.070000E-003,-1.52E-3,
-6.060000E-003,-8.8E-4,
-6.050000E-003,-3.2E-4,
-6.040000E-003,-7.2E-4,
-6.030000E-003,-1.28E-3,
-6.020000E-003,-1.52E-3,
-6.010000E-003,-7.2E-4,
-6.000000E-003,-3.2E-4,
-5.990000E-003,-8.8E-4,
-5.980000E-003,-1.52E-3,
-5.970000E-003,-1.28E-3,
-5.960000E-003,-7.2E-4,
-5.950000E-003,-7.2E-4,
-5.940000E-003,-1.52E-3,
-5.930000E-003,-1.52E-3,
-5.920000E-003,-8.8E-4,
-5.910000E-003,-4.8E-4,
-5.900000E-003,-8.8E-4,
-5.890000E-003,-1.28E-3,
-5.880000E-003,-1.52E-3,
-5.870000E-003,-7.2E-4,
-5.860000E-003,-4.8E-4,
-5.850000E-003,-1.28E-3,
-5.840000E-003,-1.68E-3,
-5.830000E-003,-1.52E-3,
-5.820000E-003,-8.8E-4,
-5.810000E-003,-8.8E-4,
-5.800000E-003,-1.68E-3,
-5.790000E-003,-1.68E-3,
-5.780000E-003,-1.28E-3,
-5.770000E-003,-7.2E-4,
-5.760000E-003,-1.12E-3,
-5.750000E-003,-1.68E-3,
-5.740000E-003,-1.52E-3,
-5.730000E-003,-8.8E-4,
-5.720000E-003,-8.8E-4,
-5.710000E-003,-1.28E-3,
-5.700000E-003,-1.68E-3,
-5.690000E-003,-1.28E-3,
-5.680000E-003,-4.8E-4,
-5.670000E-003,-8.8E-4,
-5.660000E-003,-1.68E-3,
-5.650000E-003,-1.68E-3,
-5.640000E-003,-1.28E-3,
-5.630000E-003,-7.2E-4,
-5.620000E-003,-1.28E-3,
-5.610000E-003,-1.68E-3,
-5.600000E-003,-1.52E-3,
-5.590000E-003,-8.8E-4,
-5.580000E-003,-1.12E-3,
-5.570000E-003,-1.68E-3,
-5.560000E-003,-1.68E-3,
-5.550000E-003,-1.28E-3,
-5.540000E-003,-7.2E-4,
-5.530000E-003,-1.12E-3,
-5.520000E-003,-1.52E-3,
-5.510000E-003,-1.68E-3,
-5.500000E-003,-8.8E-4,
-5.490000E-003,-7.2E-4,
-5.480000E-003,-1.28E-3,
-5.470000E-003,-1.68E-3,
-5.460000E-003,-1.12E-3,
-5.450000E-003,-4.8E-4,
-5.440000E-003,-1.12E-3,
-5.430000E-003,-1.68E-3,
-5.420000E-003,-1.68E-3,
-5.410000E-003,-1.28E-3,
-5.400000E-003,-8.8E-4,
-5.390000E-003,-1.12E-3,
-5.380000E-003,-1.68E-3,
-5.370000E-003,-1.52E-3,
-5.360000E-003,-7.2E-4,
-5.350000E-003,-7.2E-4,
-5.340000E-003,-1.52E-3,
-5.330000E-003,-1.68E-3,
-5.320000E-003,-1.28E-3,
-5.310000E-003,-4.8E-4,
-5.300000E-003,-8.8E-4,
-5.290000E-003,-1.52E-3,
-5.280000E-003,-1.68E-3,
-5.270000E-003,-1.28E-3,
-5.260000E-003,-7.2E-4,
-5.250000E-003,-1.28E-3,
-5.240000E-003,-1.52E-3,
-5.230000E-003,-1.52E-3,
-5.220000E-003,-7.2E-4,
-5.210000E-003,-4.8E-4,
-5.200000E-003,-1.52E-3,
-5.190000E-003,-1.68E-3,
-5.180000E-003,-1.28E-3,
-5.170000E-003,-8.8E-4,
-5.160000E-003,-8.8E-4,
-5.150000E-003,-1.52E-3,
-5.140000E-003,-1.52E-3,
-5.130000E-003,-7.2E-4,
-5.120000E-003,-8.8E-4,
-5.110000E-003,-1.12E-3,
-5.100000E-003,-1.68E-3,
-5.090000E-003,-1.28E-3,
-5.080000E-003,-7.2E-4,
-5.070000E-003,-7.2E-4,
-5.060000E-003,-1.28E-3,
-5.050000E-003,-1.68E-3,
-5.040000E-003,-1.12E-3,
-5.030000E-003,-4.8E-4,
-5.020000E-003,-8.8E-4,
-5.010000E-003,-1.52E-3,
-5.000000E-003,-1.28E-3,
-4.990000E-003,-7.2E-4,
-4.980000E-003,-3.2E-4,
-4.970000E-003,-1.12E-3,
-4.960000E-003,-1.52E-3,
-4.950000E-003,-1.12E-3,
-4.940000E-003,-4.8E-4,
-4.930000E-003,-4.8E-4,
-4.920000E-003,-1.28E-3,
-4.910000E-003,-1.28E-3,
-4.900000E-003,-8.8E-4,
-4.890000E-003,-4.8E-4,
-4.880000E-003,-8.8E-4,
-4.870000E-003,-1.68E-3,
-4.860000E-003,-1.52E-3,
-4.850000E-003,-7.2E-4,
-4.840000E-003,-3.2E-4,
-4.830000E-003,-8.8E-4,
-4.820000E-003,-1.68E-3,
-4.810000E-003,-1.12E-3,
-4.800000E-003,-3.2E-4,
-4.790000E-003,-4.8E-4,
-4.780000E-003,-1.28E-3,
-4.770000E-003,-1.52E-3,
-4.760000E-003,-7.2E-4,
-4.750000E-003,-4.8E-4,
-4.740000E-003,-8.8E-4,
-4.730000E-003,-1.52E-3,
-4.720000E-003,-1.12E-3,
-4.710000E-003,-3.2E-4,
-4.700000E-003,-3.2E-4,
-4.690000E-003,-8.8E-4,
-4.680000E-003,-1.28E-3,
-4.670000E-003,-8.8E-4,
-4.660000E-003,-3.2E-4,
-4.650000E-003,-7.2E-4,
-4.640000E-003,-1.28E-3,
-4.630000E-003,-1.28E-3,
-4.620000E-003,-7.2E-4,
-4.610000E-003,0E+0,
-4.600000E-003,-8.8E-4,
-4.590000E-003,-1.52E-3,
-4.580000E-003,-1.28E-3,
-4.570000E-003,-4.8E-4,
-4.560000E-003,-4.8E-4,
-4.550000E-003,-1.12E-3,
-4.540000E-003,-1.12E-3,
-4.530000E-003,-7.2E-4,
-4.520000E-003,-3.2E-4,
-4.510000E-003,-4.8E-4,
-4.500000E-003,-1.52E-3,
-4.490000E-003,-1.28E-3,
-4.480000E-003,-4.8E-4,
-4.470000E-003,0E+0,
-4.460000E-003,-7.2E-4,
-4.450000E-003,-1.28E-3,
-4.440000E-003,-1.12E-3,
-4.430000E-003,-3.2E-4,
-4.420000E-003,-7.2E-4,
-4.410000E-003,-1.28E-3,
-4.400000E-003,-1.52E-3,
-4.390000E-003,-8.8E-4,
-4.380000E-003,0E+0,
-4.370000E-003,-8.8E-4,
-4.360000E-003,-1.28E-3,
-4.350000E-003,-1.28E-3,
-4.340000E-003,-4.8E-4,
-4.330000E-003,0E+0,
-4.320000E-003,-7.2E-4,
-4.310000E-003,-1.28E-3,
-4.300000E-003,-1.12E-3,
-4.290000E-003,0E+0,
-4.280000E-003,-4.8E-4,
-4.270000E-003,-1.12E-3,
-4.260000E-003,-1.52E-3,
-4.250000E-003,-7.2E-4,
-4.240000E-003,1.6E-4,
-4.230000E-003,-3.2E-4,
-4.220000E-003,-1.12E-3,
-4.210000E-003,-1.12E-3,
-4.200000E-003,-3.2E-4,
-4.190000E-003,0E+0,
-4.180000E-003,-7.2E-4,
-4.170000E-003,-1.28E-3,
-4.160000E-003,-7.2E-4,
-4.150000E-003,0E+0,
-4.140000E-003,0E+0,
-4.130000E-003,-8.8E-4,
-4.120000E-003,-1.12E-3,
-4.110000E-003,-8.8E-4,
-4.100000E-003,0E+0,
-4.090000E-003,-3.2E-4,
-4.080000E-003,-1.12E-3,
-4.070000E-003,-1.12E-3,
-4.060000E-003,0E+0,
-4.050000E-003,0E+0,
-4.040000E-003,-7.2E-4,
-4.030000E-003,-1.12E-3,
-4.020000E-003,-7.2E-4,
-4.010000E-003,0E+0,
-4.000000E-003,0E+0,
-3.990000E-003,-8.8E-4,
-3.980000E-003,-1.12E-3,
-3.970000E-003,-4.8E-4,
-3.960000E-003,0E+0,
-3.950000E-003,-3.2E-4,
-3.940000E-003,-8.8E-4,
-3.930000E-003,-8.8E-4,
-3.920000E-003,0E+0,
-3.910000E-003,1.6E-4,
-3.900000E-003,-4.8E-4,
-3.890000E-003,-1.12E-3,
-3.880000E-003,-8.8E-4,
-3.870000E-003,0E+0,
-3.860000E-003,-3.2E-4,
-3.850000E-003,-8.8E-4,
-3.840000E-003,-8.8E-4,
-3.830000E-003,-4.8E-4,
-3.820000E-003,0E+0,
-3.810000E-003,-4.8E-4,
-3.800000E-003,-1.12E-3,
-3.790000E-003,-8.8E-4,
-3.780000E-003,0E+0,
-3.770000E-003,0E+0,
-3.760000E-003,-4.8E-4,
-3.750000E-003,-1.12E-3,
-3.740000E-003,-7.2E-4,
-3.730000E-003,0E+0,
-3.720000E-003,0E+0,
-3.710000E-003,-7.2E-4,
-3.700000E-003,-8.8E-4,
-3.690000E-003,-4.8E-4,
-3.680000E-003,1.6E-4,
-3.670000E-003,0E+0,
-3.660000E-003,-1.12E-3,
-3.650000E-003,-8.8E-4,
-3.640000E-003,0E+0,
-3.630000E-003,1.6E-4,
-3.620000E-003,-7.2E-4,
-3.610000E-003,-1.12E-3,
-3.600000E-003,-8.8E-4,
-3.590000E-003,0E+0,
-3.580000E-003,-3.2E-4,
-3.570000E-003,-8.8E-4,
-3.560000E-003,-8.8E-4,
-3.550000E-003,-4.8E-4,
-3.540000E-003,1.6E-4,
-3.530000E-003,-3.2E-4,
-3.520000E-003,-8.8E-4,
-3.510000E-003,-8.8E-4,
-3.500000E-003,-3.2E-4,
-3.490000E-003,1.6E-4,
-3.480000E-003,-3.2E-4,
-3.470000E-003,-8.8E-4,
-3.460000E-003,-7.2E-4,
-3.450000E-003,1.6E-4,
-3.440000E-003,0E+0,
-3.430000E-003,-8.8E-4,
-3.420000E-003,-8.8E-4,
-3.410000E-003,-3.2E-4,
-3.400000E-003,4E-4,
-3.390000E-003,0E+0,
-3.380000E-003,-7.2E-4,
-3.370000E-003,-7.2E-4,
-3.360000E-003,-4.8E-4,
-3.350000E-003,0E+0,
-3.340000E-003,-4.8E-4,
-3.330000E-003,-8.8E-4,
-3.320000E-003,-7.2E-4,
-3.310000E-003,0E+0,
-3.300000E-003,1.6E-4,
-3.290000E-003,-4.8E-4,
-3.280000E-003,-8.8E-4,
-3.270000E-003,-4.8E-4,
-3.260000E-003,4E-4,
-3.250000E-003,1.6E-4,
-3.240000E-003,-8.8E-4,
-3.230000E-003,-7.2E-4,
-3.220000E-003,0E+0,
-3.210000E-003,4E-4,
-3.200000E-003,-3.2E-4,
-3.190000E-003,-7.2E-4,
-3.180000E-003,-7.2E-4,
-3.170000E-003,0E+0,
-3.160000E-003,1.6E-4,
-3.150000E-003,-3.2E-4,
-3.140000E-003,-8.8E-4,
-3.130000E-003,-4.8E-4,
-3.120000E-003,1.6E-4,
-3.110000E-003,0E+0,
-3.100000E-003,-7.2E-4,
-3.090000E-003,-7.2E-4,
-3.080000E-003,0E+0,
-3.070000E-003,1.6E-4,
-3.060000E-003,0E+0,
-3.050000E-003,-8.8E-4,
-3.040000E-003,-7.2E-4,
-3.030000E-003,1.6E-4,
-3.020000E-003,4E-4,
-3.010000E-003,-3.2E-4,
-3.000000E-003,-8.8E-4,
-2.990000E-003,-3.2E-4,
-2.980000E-003,4E-4,
-2.970000E-003,1.6E-4,
-2.960000E-003,-7.2E-4,
-2.950000E-003,-8.8E-4,
-2.940000E-003,0E+0,
-2.930000E-003,4E-4,
-2.920000E-003,0E+0,
-2.910000E-003,-8.8E-4,
-2.900000E-003,-8.8E-4,
-2.890000E-003,0E+0,
-2.880000E-003,1.6E-4,
-2.870000E-003,-3.2E-4,
-2.860000E-003,-8.8E-4,
-2.850000E-003,-4.8E-4,
-2.840000E-003,4E-4,
-2.830000E-003,1.6E-4,
-2.820000E-003,-4.8E-4,
-2.810000E-003,-8.8E-4,
-2.800000E-003,0E+0,
-2.790000E-003,4E-4,
-2.780000E-003,1.6E-4,
-2.770000E-003,-4.8E-4,
-2.760000E-003,-4.8E-4,
-2.750000E-003,1.6E-4,
-2.740000E-003,4E-4,
-2.730000E-003,1.6E-4,
-2.720000E-003,-4.8E-4,
-2.710000E-003,-4.8E-4,
-2.700000E-003,1.6E-4,
-2.690000E-003,4E-4,
-2.680000E-003,-3.2E-4,
-2.670000E-003,-7.2E-4,
-2.660000E-003,-4.8E-4,
-2.650000E-003,4E-4,
-2.640000E-003,4E-4,
-2.630000E-003,-4.8E-4,
-2.620000E-003,-7.2E-4,
-2.610000E-003,1.6E-4,
-2.600000E-003,5.6E-4,
-2.590000E-003,-3.2E-4,
-2.580000E-003,-4.8E-4,
-2.570000E-003,-3.2E-4,
-2.560000E-003,4E-4,
-2.550000E-003,4E-4,
-2.540000E-003,0E+0,
-2.530000E-003,-7.2E-4,
-2.520000E-003,0E+0,
-2.510000E-003,4E-4,
-2.500000E-003,4E-4,
-2.490000E-003,-3.2E-4,
-2.480000E-003,-4.8E-4,
-2.470000E-003,1.6E-4,
-2.460000E-003,8E-4,
-2.450000E-003,1.6E-4,
-2.440000E-003,-4.8E-4,
-2.430000E-003,-3.2E-4,
-2.420000E-003,4E-4,
-2.410000E-003,4E-4,
-2.400000E-003,0E+0,
-2.390000E-003,-4.8E-4,
-2.380000E-003,0E+0,
-2.370000E-003,4E-4,
-2.360000E-003,4E-4,
-2.350000E-003,-3.2E-4,
-2.340000E-003,-7.2E-4,
-2.330000E-003,1.6E-4,
-2.320000E-003,5.6E-4,
-2.310000E-003,4E-4,
-2.300000E-003,-3.2E-4,
-2.290000E-003,-7.2E-4,
-2.280000E-003,4E-4,
-2.270000E-003,5.6E-4,
-2.260000E-003,1.6E-4,
-2.250000E-003,-4.8E-4,
-2.240000E-003,-3.2E-4,
-2.230000E-003,5.6E-4,
-2.220000E-003,5.6E-4,
-2.210000E-003,0E+0,
-2.200000E-003,-7.2E-4,
-2.190000E-003,0E+0,
-2.180000E-003,5.6E-4,
-2.170000E-003,5.6E-4,
-2.160000E-003,0E+0,
-2.150000E-003,-3.2E-4,
-2.140000E-003,1.6E-4,
-2.130000E-003,8E-4,
-2.120000E-003,1.6E-4,
-2.110000E-003,-3.2E-4,
-2.100000E-003,-3.2E-4,
-2.090000E-003,4E-4,
-2.080000E-003,8E-4,
-2.070000E-003,0E+0,
-2.060000E-003,-4.8E-4,
-2.050000E-003,1.6E-4,
-2.040000E-003,8E-4,
-2.030000E-003,5.6E-4,
-2.020000E-003,0E+0,
-2.010000E-003,-3.2E-4,
-2.000000E-003,4E-4,
-1.990000E-003,8E-4,
-1.980000E-003,4E-4,
-1.970000E-003,-3.2E-4,
-1.960000E-003,0E+0,
-1.950000E-003,4E-4,
-1.940000E-003,8E-4,
-1.930000E-003,1.6E-4,
-1.920000E-003,-4.8E-4,
-1.910000E-003,0E+0,
-1.900000E-003,5.6E-4,
-1.890000E-003,5.6E-4,
-1.880000E-003,0E+0,
-1.870000E-003,-4.8E-4,
-1.860000E-003,1.6E-4,
-1.850000E-003,8E-4,
-1.840000E-003,5.6E-4,
-1.830000E-003,-4.8E-4,
-1.820000E-003,-3.2E-4,
-1.810000E-003,1.6E-4,
-1.800000E-003,8E-4,
-1.790000E-003,4E-4,
-1.780000E-003,-3.2E-4,
-1.770000E-003,0E+0,
-1.760000E-003,4E-4,
-1.750000E-003,8E-4,
-1.740000E-003,1.6E-4,
-1.730000E-003,-3.2E-4,
-1.720000E-003,1.6E-4,
-1.710000E-003,8E-4,
-1.700000E-003,9.6E-4,
-1.690000E-003,1.6E-4,
-1.680000E-003,-3.2E-4,
-1.670000E-003,1.6E-4,
-1.660000E-003,9.6E-4,
-1.650000E-003,4E-4,
-1.640000E-003,0E+0,
-1.630000E-003,-3.2E-4,
-1.620000E-003,5.6E-4,
-1.610000E-003,8E-4,
-1.600000E-003,1.6E-4,
-1.590000E-003,0E+0,
-1.580000E-003,0E+0,
-1.570000E-003,8E-4,
-1.560000E-003,8E-4,
-1.550000E-003,1.6E-4,
-1.540000E-003,-3.2E-4,
-1.530000E-003,0E+0,
-1.520000E-003,8E-4,
-1.510000E-003,8E-4,
-1.500000E-003,0E+0,
-1.490000E-003,0E+0,
-1.480000E-003,5.6E-4,
-1.470000E-003,9.6E-4,
-1.460000E-003,4E-4,
-1.450000E-003,0E+0,
-1.440000E-003,0E+0,
-1.430000E-003,8E-4,
-1.420000E-003,9.6E-4,
-1.410000E-003,4E-4,
-1.400000E-003,0E+0,
-1.390000E-003,1.6E-4,
-1.380000E-003,8E-4,
-1.370000E-003,8E-4,
-1.360000E-003,0E+0,
-1.350000E-003,-3.2E-4,
-1.340000E-003,1.6E-4,
-1.330000E-003,8E-4,
-1.320000E-003,8E-4,
-1.310000E-003,0E+0,
-1.300000E-003,0E+0,
-1.290000E-003,5.6E-4,
-1.280000E-003,9.6E-4,
-1.270000E-003,4E-4,
-1.260000E-003,0E+0,
-1.250000E-003,0E+0,
-1.240000E-003,8E-4,
-1.230000E-003,8E-4,
-1.220000E-003,1.6E-4,
-1.210000E-003,0E+0,
-1.200000E-003,1.6E-4,
-1.190000E-003,8E-4,
-1.180000E-003,5.6E-4,
-1.170000E-003,1.6E-4,
-1.160000E-003,0E+0,
-1.150000E-003,4E-4,
-1.140000E-003,8E-4,
-1.130000E-003,4E-4,
-1.120000E-003,-3.2E-4,
-1.110000E-003,0E+0,
-1.100000E-003,5.6E-4,
-1.090000E-003,9.6E-4,
-1.080000E-003,1.6E-4,
-1.070000E-003,0E+0,
-1.060000E-003,0E+0,
-1.050000E-003,5.6E-4,
-1.040000E-003,8E-4,
-1.030000E-003,4E-4,
-1.020000E-003,-3.2E-4,
-1.010000E-003,0E+0,
-1.000000E-003,8E-4,
-9.900000E-004,5.6E-4,
-9.800000E-004,0E+0,
-9.700000E-004,-7.2E-4,
-9.600000E-004,1.6E-4,
-9.500000E-004,8E-4,
-9.400000E-004,4E-4,
-9.300000E-004,-4.8E-4,
-9.200000E-004,-3.2E-4,
-9.100000E-004,4E-4,
-9.000000E-004,5.6E-4,
-8.900000E-004,0E+0,
-8.800000E-004,-7.2E-4,
-8.700000E-004,-3.2E-4,
-8.600000E-004,4E-4,
-8.500000E-004,4E-4,
-8.400000E-004,-3.2E-4,
-8.300000E-004,-8.8E-4,
-8.200000E-004,-3.2E-4,
-8.100000E-004,4E-4,
-8.000000E-004,1.6E-4,
-7.900000E-004,-4.8E-4,
-7.800000E-004,-8.8E-4,
-7.700000E-004,0E+0,
-7.600000E-004,4E-4,
-7.500000E-004,-3.2E-4,
-7.400000E-004,-1.12E-3,
-7.300000E-004,-8.8E-4,
-7.200000E-004,0E+0,
-7.100000E-004,0E+0,
-7.000000E-004,-7.2E-4,
-6.900000E-004,-1.12E-3,
-6.800000E-004,-1.12E-3,
-6.700000E-004,-3.2E-4,
-6.600000E-004,-3.2E-4,
-6.500000E-004,-1.12E-3,
-6.400000E-004,-1.12E-3,
-6.300000E-004,-8.8E-4,
-6.200000E-004,0E+0,
-6.100000E-004,-4.8E-4,
-6.000000E-004,-1.28E-3,
-5.900000E-004,-1.52E-3,
-5.800000E-004,-7.2E-4,
-5.700000E-004,-3.2E-4,
-5.600000E-004,-1.12E-3,
-5.500000E-004,-1.68E-3,
-5.400000E-004,-1.52E-3,
-5.300000E-004,-7.2E-4,
-5.200000E-004,-7.2E-4,
-5.100000E-004,-1.12E-3,
-5.000000E-004,-1.68E-3,
-4.900000E-004,-1.52E-3,
-4.800000E-004,-7.2E-4,
-4.700000E-004,-8.8E-4,
-4.600000E-004,-1.52E-3,
-4.500000E-004,-1.68E-3,
-4.400000E-004,-1.28E-3,
-4.300000E-004,-8.8E-4,
-4.200000E-004,-1.12E-3,
-4.100000E-004,-1.68E-3,
-4.000000E-004,-1.68E-3,
-3.900000E-004,-1.28E-3,
-3.800000E-004,-8.8E-4,
-3.700000E-004,-1.52E-3,
-3.600000E-004,-1.92E-3,
-3.500000E-004,-1.92E-3,
-3.400000E-004,-1.12E-3,
-3.300000E-004,-1.28E-3,
-3.200000E-004,-1.52E-3,
-3.100000E-004,-1.92E-3,
-3.000000E-004,-1.68E-3,
-2.900000E-004,-1.12E-3,
-2.800000E-004,-1.28E-3,
-2.700000E-004,-1.68E-3,
-2.600000E-004,-1.92E-3,
-2.500000E-004,-1.68E-3,
-2.400000E-004,-1.12E-3,
-2.300000E-004,-1.28E-3,
-2.200000E-004,-2.08E-3,
-2.100000E-004,-2.08E-3,
-2.000000E-004,-1.52E-3,
-1.900000E-004,-8.8E-4,
-1.800000E-004,-1.52E-3,
-1.700000E-004,-2.08E-3,
-1.600000E-004,-1.68E-3,
-1.500000E-004,-8.8E-4,
-1.400000E-004,-8.8E-4,
-1.300000E-004,-1.52E-3,
-1.200000E-004,-1.92E-3,
-1.100000E-004,-1.68E-3,
-1.000000E-004,-8.8E-4,
-9.000000E-005,-1.12E-3,
-8.000000E-005,-1.52E-3,
-7.000000E-005,-2.08E-3,
-6.000000E-005,-1.68E-3,
-5.000000E-005,-8.8E-4,
-4.000000E-005,-1.12E-3,
-3.000000E-005,-1.68E-3,
-2.000000E-005,-1.68E-3,
-1.000000E-005,-1.28E-3,
0.000000E+000,-8.8E-4,
1.000000E-005,-1.28E-3,
2.000000E-005,-1.92E-3,
3.000000E-005,-1.68E-3,
4.000000E-005,-8.8E-4,
5.000000E-005,-4.8E-4,
6.000000E-005,-1.28E-3,
7.000000E-005,-1.68E-3,
8.000000E-005,-1.68E-3,
9.000000E-005,-8.8E-4,
1.000000E-004,-1.28E-3,
1.100000E-004,-1.68E-3,
1.200000E-004,-1.92E-3,
1.300000E-004,-1.52E-3,
1.400000E-004,-8.8E-4,
1.500000E-004,-1.12E-3,
1.600000E-004,-1.68E-3,
1.700000E-004,-1.68E-3,
1.800000E-004,-1.12E-3,
1.900000E-004,-4.8E-4,
2.000000E-004,-1.12E-3,
2.100000E-004,-1.68E-3,
2.200000E-004,-1.52E-3,
2.300000E-004,-1.12E-3,
2.400000E-004,-8.8E-4,
2.500000E-004,-1.28E-3,
2.600000E-004,-1.68E-3,
2.700000E-004,-1.52E-3,
2.800000E-004,-7.2E-4,
2.900000E-004,-7.2E-4,
3.000000E-004,-1.52E-3,
3.100000E-004,-1.92E-3,
3.200000E-004,-1.52E-3,
3.300000E-004,-7.2E-4,
3.400000E-004,-7.2E-4,
3.500000E-004,-1.52E-3,
3.600000E-004,-1.68E-3,
3.700000E-004,-1.12E-3,
3.800000E-004,-7.2E-4,
3.900000E-004,-1.28E-3,
4.000000E-004,-1.68E-3,
4.100000E-004,-1.52E-3,
4.200000E-004,-8.8E-4,
4.300000E-004,-7.2E-4,
4.400000E-004,-1.28E-3,
4.500000E-004,-1.68E-3,
4.600000E-004,-1.28E-3,
4.700000E-004,-7.2E-4,
4.800000E-004,-8.8E-4,
4.900000E-004,-1.28E-3,
5.000000E-004,-1.68E-3,
5.100000E-004,-1.28E-3,
5.200000E-004,-7.2E-4,
5.300000E-004,-4.8E-4,
5.400000E-004,-1.68E-3,
5.500000E-004,-1.52E-3,
5.600000E-004,-7.2E-4,
5.700000E-004,-3.2E-4,
5.800000E-004,-8.8E-4,
5.900000E-004,-1.52E-3,
6.000000E-004,-1.52E-3,
6.100000E-004,-7.2E-4,
6.200000E-004,-4.8E-4,
6.300000E-004,-8.8E-4,
6.400000E-004,-1.52E-3,
6.500000E-004,-1.12E-3,
6.600000E-004,-7.2E-4,
6.700000E-004,-3.2E-4,
6.800000E-004,-1.12E-3,
6.900000E-004,-1.52E-3,
7.000000E-004,-1.28E-3,
7.100000E-004,-4.8E-4,
7.200000E-004,-3.2E-4,
7.300000E-004,-1.28E-3,
7.400000E-004,-1.52E-3,
7.500000E-004,-8.8E-4,
7.600000E-004,-4.8E-4,
7.700000E-004,-7.2E-4,
7.800000E-004,-1.52E-3,
7.900000E-004,-1.52E-3,
8.000000E-004,-4.8E-4,
8.100000E-004,0E+0,
8.200000E-004,-4.8E-4,
8.300000E-004,-1.28E-3,
8.400000E-004,-1.28E-3,
8.500000E-004,-7.2E-4,
8.600000E-004,-3.2E-4,
8.700000E-004,-8.8E-4,
8.800000E-004,-1.52E-3,
8.900000E-004,-1.12E-3,
9.000000E-004,-4.8E-4,
9.100000E-004,-4.8E-4,
9.200000E-004,-1.12E-3,
9.300000E-004,-1.52E-3,
9.400000E-004,-8.8E-4,
9.500000E-004,0E+0,
9.600000E-004,-7.2E-4,
9.700000E-004,-1.12E-3,
9.800000E-004,-1.52E-3,
9.900000E-004,-4.8E-4,
1.000000E-003,-3.2E-4,
1.010000E-003,-4.8E-4,
1.020000E-003,-1.12E-3,
1.030000E-003,-1.28E-3,
1.040000E-003,-3.2E-4,
1.050000E-003,-3.2E-4,
1.060000E-003,-7.2E-4,
1.070000E-003,-1.28E-3,
1.080000E-003,-1.12E-3,
1.090000E-003,-3.2E-4,
1.100000E-003,0E+0,
1.110000E-003,-8.8E-4,
1.120000E-003,-1.28E-3,
1.130000E-003,-4.8E-4,
1.140000E-003,0E+0,
1.150000E-003,-3.2E-4,
1.160000E-003,-8.8E-4,
1.170000E-003,-1.28E-3,
1.180000E-003,-7.2E-4,
1.190000E-003,0E+0,
1.200000E-003,-3.2E-4,
1.210000E-003,-1.12E-3,
1.220000E-003,-1.12E-3,
1.230000E-003,-4.8E-4,
1.240000E-003,0E+0,
1.250000E-003,-4.8E-4,
1.260000E-003,-8.8E-4,
1.270000E-003,-8.8E-4,
1.280000E-003,0E+0,
1.290000E-003,1.6E-4,
1.300000E-003,-7.2E-4,
1.310000E-003,-1.12E-3,
1.320000E-003,-7.2E-4,
1.330000E-003,0E+0,
1.340000E-003,0E+0,
1.350000E-003,-8.8E-4,
1.360000E-003,-1.12E-3,
1.370000E-003,-3.2E-4,
1.380000E-003,0E+0,
1.390000E-003,0E+0,
1.400000E-003,-8.8E-4,
1.410000E-003,-1.12E-3,
1.420000E-003,-3.2E-4,
1.430000E-003,1.6E-4,
1.440000E-003,-4.8E-4,
1.450000E-003,-8.8E-4,
1.460000E-003,-8.8E-4,
1.470000E-003,-3.2E-4,
1.480000E-003,0E+0,
1.490000E-003,-4.8E-4,
1.500000E-003,-1.12E-3,
1.510000E-003,-7.2E-4,
1.520000E-003,0E+0,
1.530000E-003,0E+0,
1.540000E-003,-7.2E-4,
1.550000E-003,-8.8E-4,
1.560000E-003,-8.8E-4,
1.570000E-003,1.6E-4,
1.580000E-003,1.6E-4,
1.590000E-003,-7.2E-4,
1.600000E-003,-1.12E-3,
1.610000E-003,-7.2E-4,
1.620000E-003,0E+0,
1.630000E-003,-3.2E-4,
1.640000E-003,-7.2E-4,
1.650000E-003,-8.8E-4,
1.660000E-003,0E+0,
1.670000E-003,0E+0,
1.680000E-003,-3.2E-4,
1.690000E-003,-8.8E-4,
1.700000E-003,-8.8E-4,
1.710000E-003,0E+0,
1.720000E-003,1.6E-4,
1.730000E-003,0E+0,
1.740000E-003,-8.8E-4,
1.750000E-003,-8.8E-4,
1.760000E-003,0E+0,
1.770000E-003,1.6E-4,
1.780000E-003,-4.8E-4,
1.790000E-003,-1.12E-3,
1.800000E-003,-7.2E-4,
1.810000E-003,1.6E-4,
1.820000E-003,0E+0,
1.830000E-003,-7.2E-4,
1.840000E-003,-1.12E-3,
1.850000E-003,-4.8E-4,
1.860000E-003,1.6E-4,
1.870000E-003,0E+0,
1.880000E-003,-7.2E-4,
1.890000E-003,-8.8E-4,
1.900000E-003,0E+0,
1.910000E-003,0E+0,
1.920000E-003,-4.8E-4,
1.930000E-003,-1.12E-3,
1.940000E-003,-8.8E-4,
1.950000E-003,0E+0,
1.960000E-003,1.6E-4,
1.970000E-003,-4.8E-4,
1.980000E-003,-1.12E-3,
1.990000E-003,-8.8E-4,
2.000000E-003,1.6E-4,
2.010000E-003,0E+0,
2.020000E-003,-4.8E-4,
2.030000E-003,-8.8E-4,
2.040000E-003,-3.2E-4,
2.050000E-003,1.6E-4,
2.060000E-003,-3.2E-4,
2.070000E-003,-7.2E-4,
2.080000E-003,-8.8E-4,
2.090000E-003,-8.8E-4,
2.100000E-003,0E+0,
2.110000E-003,0E+0,
2.120000E-003,-8.8E-4,
2.130000E-003,-1.12E-3,
2.140000E-003,-4.8E-4,
2.150000E-003,1.6E-4,
2.160000E-003,-4.8E-4,
2.170000E-003,-1.12E-3,
2.180000E-003,-8.8E-4,
2.190000E-003,0E+0,
2.200000E-003,1.6E-4,
2.210000E-003,-7.2E-4,
2.220000E-003,-1.28E-3,
2.230000E-003,-8.8E-4,
2.240000E-003,0E+0,
2.250000E-003,0E+0,
2.260000E-003,-8.8E-4,
2.270000E-003,-8.8E-4,
2.280000E-003,-8.8E-4,
2.290000E-003,0E+0,
2.300000E-003,-3.2E-4,
2.310000E-003,-8.8E-4,
2.320000E-003,-1.28E-3,
2.330000E-003,-7.2E-4,
2.340000E-003,0E+0,
2.350000E-003,-3.2E-4,
2.360000E-003,-1.28E-3,
2.370000E-003,-1.12E-3,
2.380000E-003,-4.8E-4,
2.390000E-003,0E+0,
2.400000E-003,-4.8E-4,
2.410000E-003,-8.8E-4,
2.420000E-003,-1.12E-3,
2.430000E-003,-4.8E-4,
2.440000E-003,-3.2E-4,
2.450000E-003,-8.8E-4,
2.460000E-003,-1.52E-3,
2.470000E-003,-1.28E-3,
2.480000E-003,-4.8E-4,
2.490000E-003,0E+0,
2.500000E-003,-8.8E-4,
2.510000E-003,-1.52E-3,
2.520000E-003,-1.12E-3,
2.530000E-003,-7.2E-4,
2.540000E-003,-7.2E-4,
2.550000E-003,-1.28E-3,
2.560000E-003,-1.68E-3,
2.570000E-003,-1.12E-3,
2.580000E-003,-4.8E-4,
2.590000E-003,-1.12E-3,
2.600000E-003,-1.52E-3,
2.610000E-003,-1.68E-3,
2.620000E-003,-1.28E-3,
2.630000E-003,-7.2E-4,
2.640000E-003,-8.8E-4,
2.650000E-003,-1.68E-3,
2.660000E-003,-1.68E-3,
2.670000E-003,-1.12E-3,
2.680000E-003,-4.8E-4,
2.690000E-003,-1.12E-3,
2.700000E-003,-1.92E-3,
2.710000E-003,-1.68E-3,
2.720000E-003,-8.8E-4,
2.730000E-003,-4.8E-4,
2.740000E-003,-1.12E-3,
2.750000E-003,-1.68E-3,
2.760000E-003,-1.68E-3,
2.770000E-003,-7.2E-4,
2.780000E-003,-7.2E-4,
2.790000E-003,-1.52E-3,
2.800000E-003,-1.92E-3,
2.810000E-003,-1.52E-3,
2.820000E-003,-8.8E-4,
2.830000E-003,-8.8E-4,
2.840000E-003,-1.52E-3,
2.850000E-003,-1.68E-3,
2.860000E-003,-1.52E-3,
2.870000E-003,-7.2E-4,
2.880000E-003,-1.12E-3,
2.890000E-003,-1.68E-3,
2.900000E-003,-1.52E-3,
2.910000E-003,-1.28E-3,
2.920000E-003,-7.2E-4,
2.930000E-003,-1.12E-3,
2.940000E-003,-1.68E-3,
2.950000E-003,-1.52E-3,
2.960000E-003,-7.2E-4,
2.970000E-003,-7.2E-4,
2.980000E-003,-1.52E-3,
2.990000E-003,-1.68E-3,
3.000000E-003,-1.52E-3,
3.010000E-003,-8.8E-4,
3.020000E-003,-4.8E-4,
3.030000E-003,-1.28E-3,
3.040000E-003,-1.68E-3,
3.050000E-003,-1.68E-3,
3.060000E-003,-8.8E-4,
3.070000E-003,-8.8E-4,
3.080000E-003,-1.68E-3,
3.090000E-003,-1.68E-3,
3.100000E-003,-1.28E-3,
3.110000E-003,-7.2E-4,
3.120000E-003,-8.8E-4,
3.130000E-003,-1.28E-3,
3.140000E-003,-1.92E-3,
3.150000E-003,-1.28E-3,
3.160000E-003,-8.8E-4,
3.170000E-003,-1.12E-3,
3.180000E-003,-1.68E-3,
3.190000E-003,-1.68E-3,
3.200000E-003,-8.8E-4,
3.210000E-003,-7.2E-4,
3.220000E-003,-1.28E-3,
3.230000E-003,-1.68E-3,
3.240000E-003,-1.68E-3,
3.250000E-003,-8.8E-4,
3.260000E-003,-4.8E-4,
3.270000E-003,-1.28E-3,
3.280000E-003,-1.68E-3,
3.290000E-003,-1.52E-3,
3.300000E-003,-8.8E-4,
3.310000E-003,-7.2E-4,
3.320000E-003,-1.28E-3,
3.330000E-003,-1.52E-3,
3.340000E-003,-1.52E-3,
3.350000E-003,-4.8E-4,
3.360000E-003,-8.8E-4,
3.370000E-003,-1.28E-3,
3.380000E-003,-1.68E-3,
3.390000E-003,-1.28E-3,
3.400000E-003,-7.2E-4,
3.410000E-003,-8.8E-4,
3.420000E-003,-1.52E-3,
3.430000E-003,-1.68E-3,
3.440000E-003,-1.12E-3,
3.450000E-003,-7.2E-4,
3.460000E-003,-8.8E-4,
3.470000E-003,-1.52E-3,
3.480000E-003,-1.52E-3,
3.490000E-003,-8.8E-4,
3.500000E-003,-7.2E-4,
3.510000E-003,-8.8E-4,
3.520000E-003,-1.68E-3,
3.530000E-003,-1.52E-3,
3.540000E-003,-7.2E-4,
3.550000E-003,-3.2E-4,
3.560000E-003,-1.28E-3,
3.570000E-003,-1.68E-3,
3.580000E-003,-1.28E-3,
3.590000E-003,-7.2E-4,
3.600000E-003,-4.8E-4,
3.610000E-003,-1.28E-3,
3.620000E-003,-1.52E-3,
3.630000E-003,-1.28E-3,
3.640000E-003,-7.2E-4,
3.650000E-003,-4.8E-4,
3.660000E-003,-1.28E-3,
3.670000E-003,-1.68E-3,
3.680000E-003,-1.12E-3,
3.690000E-003,-7.2E-4,
3.700000E-003,-7.2E-4,
3.710000E-003,-1.28E-3,
3.720000E-003,-1.52E-3,
3.730000E-003,-8.8E-4,
3.740000E-003,-3.2E-4,
3.750000E-003,-7.2E-4,
3.760000E-003,-1.52E-3,
3.770000E-003,-1.52E-3,
3.780000E-003,-7.2E-4,
3.790000E-003,-3.2E-4,
3.800000E-003,-8.8E-4,
3.810000E-003,-1.52E-3,
3.820000E-003,-1.52E-3,
3.830000E-003,-8.8E-4,
3.840000E-003,-4.8E-4,
3.850000E-003,-8.8E-4,
3.860000E-003,-1.52E-3,
3.870000E-003,-1.28E-3,
3.880000E-003,-4.8E-4,
3.890000E-003,-3.2E-4,
3.900000E-003,-1.12E-3,
3.910000E-003,-1.52E-3,
3.920000E-003,-1.28E-3,
3.930000E-003,-4.8E-4,
3.940000E-003,-3.2E-4,
3.950000E-003,-1.12E-3,
3.960000E-003,-1.52E-3,
3.970000E-003,-8.8E-4,
3.980000E-003,-4.8E-4,
3.990000E-003,-7.2E-4,
4.000000E-003,-1.12E-3,
4.010000E-003,-1.52E-3,
4.020000E-003,-1.28E-3,
4.030000E-003,-3.2E-4,
4.040000E-003,-4.8E-4,
4.050000E-003,-1.28E-3,
4.060000E-003,-1.52E-3,
4.070000E-003,-8.8E-4,
4.080000E-003,-3.2E-4,
4.090000E-003,-8.8E-4,
4.100000E-003,-1.52E-3,
4.110000E-003,-1.28E-3,
4.120000E-003,-7.2E-4,
4.130000E-003,-4.8E-4,
4.140000E-003,-1.12E-3,
4.150000E-003,-1.52E-3,
4.160000E-003,-1.28E-3,
4.170000E-003,-8.8E-4,
4.180000E-003,-4.8E-4,
4.190000E-003,-8.8E-4,
4.200000E-003,-1.68E-3,
4.210000E-003,-1.52E-3,
4.220000E-003,-4.8E-4,
4.230000E-003,-3.2E-4,
4.240000E-003,-8.8E-4,
4.250000E-003,-1.28E-3,
4.260000E-003,-8.8E-4,
4.270000E-003,-3.2E-4,
4.280000E-003,-7.2E-4,
4.290000E-003,-1.12E-3,
4.300000E-003,-1.52E-3,
4.310000E-003,-8.8E-4,
4.320000E-003,-3.2E-4,
4.330000E-003,-3.2E-4,
4.340000E-003,-1.12E-3,
4.350000E-003,-1.52E-3,
4.360000E-003,-8.8E-4,
4.370000E-003,-4.8E-4,
4.380000E-003,-4.8E-4,
4.390000E-003,-1.12E-3,
4.400000E-003,-1.12E-3,
4.410000E-003,-7.2E-4,
4.420000E-003,0E+0,
4.430000E-003,-4.8E-4,
4.440000E-003,-1.52E-3,
4.450000E-003,-1.12E-3,
4.460000E-003,-4.8E-4,
4.470000E-003,0E+0,
4.480000E-003,-7.2E-4,
4.490000E-003,-1.28E-3,
4.500000E-003,-1.12E-3,
4.510000E-003,-4.8E-4,
4.520000E-003,-4.8E-4,
4.530000E-003,-8.8E-4,
4.540000E-003,-1.28E-3,
4.550000E-003,-1.12E-3,
4.560000E-003,0E+0,
4.570000E-003,-3.2E-4,
4.580000E-003,-8.8E-4,
4.590000E-003,-1.52E-3,
4.600000E-003,-8.8E-4,
4.610000E-003,-3.2E-4,
4.620000E-003,0E+0,
4.630000E-003,-1.12E-3,
4.640000E-003,-1.28E-3,
4.650000E-003,-8.8E-4,
4.660000E-003,0E+0,
4.670000E-003,-3.2E-4,
4.680000E-003,-1.12E-3,
4.690000E-003,-1.52E-3,
4.700000E-003,-8.8E-4,
4.710000E-003,0E+0,
4.720000E-003,-3.2E-4,
4.730000E-003,-1.12E-3,
4.740000E-003,-1.52E-3,
4.750000E-003,-7.2E-4,
4.760000E-003,0E+0,
4.770000E-003,-4.8E-4,
4.780000E-003,-1.28E-3,
4.790000E-003,-1.28E-3,
4.800000E-003,-3.2E-4,
4.810000E-003,0E+0,
4.820000E-003,-7.2E-4,
4.830000E-003,-1.28E-3,
4.840000E-003,-1.12E-3,
4.850000E-003,-4.8E-4,
4.860000E-003,-3.2E-4,
4.870000E-003,-7.2E-4,
4.880000E-003,-1.28E-3,
4.890000E-003,-1.12E-3,
4.900000E-003,-4.8E-4,
4.910000E-003,-3.2E-4,
4.920000E-003,-1.12E-3,
4.930000E-003,-1.12E-3,
4.940000E-003,-8.8E-4,
4.950000E-003,0E+0,
4.960000E-003,0E+0,
4.970000E-003,-1.12E-3,
4.980000E-003,-1.28E-3,
4.990000E-003,-8.8E-4,
5.000000E-003,0E+0,
5.010000E-003,-3.2E-4,
5.020000E-003,-8.8E-4,
5.030000E-003,-1.12E-3,
5.040000E-003,-7.2E-4,
5.050000E-003,0E+0,
5.060000E-003,-3.2E-4,
5.070000E-003,-1.12E-3,
5.080000E-003,-1.12E-3,
5.090000E-003,-7.2E-4,
5.100000E-003,0E+0,
5.110000E-003,-4.8E-4,
5.120000E-003,-1.12E-3,
5.130000E-003,-1.28E-3,
5.140000E-003,-4.8E-4,
5.150000E-003,0E+0,
5.160000E-003,-4.8E-4,
5.170000E-003,-1.12E-3,
5.180000E-003,-1.12E-3,
5.190000E-003,-7.2E-4,
5.200000E-003,-3.2E-4,
5.210000E-003,-4.8E-4,
5.220000E-003,-1.28E-3,
5.230000E-003,-1.12E-3,
5.240000E-003,-3.2E-4,
5.250000E-003,0E+0,
5.260000E-003,-7.2E-4,
5.270000E-003,-1.28E-3,
5.280000E-003,-1.12E-3,
5.290000E-003,-3.2E-4,
5.300000E-003,-3.2E-4,
5.310000E-003,-7.2E-4,
5.320000E-003,-1.12E-3,
5.330000E-003,-7.2E-4,
5.340000E-003,-3.2E-4,
5.350000E-003,0E+0,
5.360000E-003,-8.8E-4,
5.370000E-003,-1.12E-3,
5.380000E-003,-8.8E-4,
5.390000E-003,0E+0,
5.400000E-003,0E+0,
5.410000E-003,-8.8E-4,
5.420000E-003,-1.12E-3,
5.430000E-003,-7.2E-4,
5.440000E-003,0E+0,
5.450000E-003,-3.2E-4,
5.460000E-003,-8.8E-4,
5.470000E-003,-1.28E-3,
5.480000E-003,-4.8E-4,
5.490000E-003,0E+0,
5.500000E-003,-4.8E-4,
5.510000E-003,-8.8E-4,
5.520000E-003,-8.8E-4,
5.530000E-003,-3.2E-4,
5.540000E-003,1.6E-4,
5.550000E-003,-4.8E-4,
5.560000E-003,-1.12E-3,
5.570000E-003,-8.8E-4,
5.580000E-003,0E+0,
5.590000E-003,0E+0,
5.600000E-003,-3.2E-4,
5.610000E-003,-1.12E-3,
5.620000E-003,-7.2E-4,
5.630000E-003,0E+0,
5.640000E-003,0E+0,
5.650000E-003,-4.8E-4,
5.660000E-003,-1.12E-3,
5.670000E-003,-8.8E-4,
5.680000E-003,0E+0,
5.690000E-003,0E+0,
5.700000E-003,-4.8E-4,
5.710000E-003,-8.8E-4,
5.720000E-003,-8.8E-4,
5.730000E-003,0E+0,
5.740000E-003,0E+0,
5.750000E-003,-7.2E-4,
5.760000E-003,-8.8E-4,
5.770000E-003,-7.2E-4,
5.780000E-003,0E+0,
5.790000E-003,0E+0,
5.800000E-003,-7.2E-4,
5.810000E-003,-1.12E-3,
5.820000E-003,-7.2E-4,
5.830000E-003,0E+0,
5.840000E-003,0E+0,
5.850000E-003,-8.8E-4,
5.860000E-003,-8.8E-4,
5.870000E-003,-4.8E-4,
5.880000E-003,1.6E-4,
5.890000E-003,1.6E-4,
5.900000E-003,-8.8E-4,
5.910000E-003,-8.8E-4,
5.920000E-003,0E+0,
5.930000E-003,4E-4,
5.940000E-003,0E+0,
5.950000E-003,-8.8E-4,
5.960000E-003,-8.8E-4,
5.970000E-003,-3.2E-4,
5.980000E-003,4E-4,
5.990000E-003,0E+0,
6.000000E-003,-8.8E-4,
6.010000E-003,-7.2E-4,
6.020000E-003,0E+0,
6.030000E-003,4E-4,
6.040000E-003,0E+0,
6.050000E-003,-8.8E-4,
6.060000E-003,-7.2E-4,
6.070000E-003,0E+0,
6.080000E-003,4E-4,
6.090000E-003,0E+0,
6.100000E-003,-8.8E-4,
6.110000E-003,-4.8E-4,
6.120000E-003,1.6E-4,
6.130000E-003,1.6E-4,
6.140000E-003,0E+0,
6.150000E-003,-8.8E-4,
6.160000E-003,-4.8E-4,
6.170000E-003,0E+0,
6.180000E-003,1.6E-4,
6.190000E-003,0E+0,
6.200000E-003,-8.8E-4,
6.210000E-003,-4.8E-4,
6.220000E-003,1.6E-4,
6.230000E-003,4E-4,
6.240000E-003,-4.8E-4,
6.250000E-003,-8.8E-4,
6.260000E-003,-3.2E-4,
6.270000E-003,1.6E-4,
6.280000E-003,1.6E-4,
6.290000E-003,-4.8E-4,
6.300000E-003,-8.8E-4,
6.310000E-003,-3.2E-4,
6.320000E-003,1.6E-4,
6.330000E-003,1.6E-4,
6.340000E-003,-7.2E-4,
6.350000E-003,-7.2E-4,
6.360000E-003,-4.8E-4,
6.370000E-003,4E-4,
6.380000E-003,1.6E-4,
6.390000E-003,-4.8E-4,
6.400000E-003,-7.2E-4,
6.410000E-003,-3.2E-4,
6.420000E-003,4E-4,
6.430000E-003,0E+0,
6.440000E-003,-7.2E-4,
6.450000E-003,-8.8E-4,
6.460000E-003,-3.2E-4,
6.470000E-003,4E-4,
6.480000E-003,0E+0,
6.490000E-003,-7.2E-4,
6.500000E-003,-8.8E-4,
6.510000E-003,-3.2E-4,
6.520000E-003,1.6E-4,
6.530000E-003,1.6E-4,
6.540000E-003,-7.2E-4,
6.550000E-003,-4.8E-4,
6.560000E-003,0E+0,
6.570000E-003,4E-4,
6.580000E-003,0E+0,
6.590000E-003,-7.2E-4,
6.600000E-003,-7.2E-4,
6.610000E-003,1.6E-4,
6.620000E-003,1.6E-4,
6.630000E-003,-3.2E-4,
6.640000E-003,-7.2E-4,
6.650000E-003,-4.8E-4,
6.660000E-003,0E+0,
6.670000E-003,1.6E-4,
6.680000E-003,0E+0,
6.690000E-003,-7.2E-4,
6.700000E-003,-7.2E-4,
6.710000E-003,1.6E-4,
6.720000E-003,4E-4,
6.730000E-003,-3.2E-4,
6.740000E-003,-8.8E-4,
6.750000E-003,-3.2E-4,
6.760000E-003,1.6E-4,
6.770000E-003,5.6E-4,
6.780000E-003,-3.2E-4,
6.790000E-003,-8.8E-4,
6.800000E-003,-4.8E-4,
6.810000E-003,1.6E-4,
6.820000E-003,1.6E-4,
6.830000E-003,-4.8E-4,
6.840000E-003,-8.8E-4,
6.850000E-003,-3.2E-4,
6.860000E-003,4E-4,
6.870000E-003,1.6E-4,
6.880000E-003,-3.2E-4,
6.890000E-003,-7.2E-4,
6.900000E-003,0E+0,
6.910000E-003,1.6E-4,
6.920000E-003,4E-4,
6.930000E-003,-3.2E-4,
6.940000E-003,-7.2E-4,
6.950000E-003,0E+0,
6.960000E-003,1.6E-4,
6.970000E-003,0E+0,
6.980000E-003,-7.2E-4,
6.990000E-003,-4.8E-4,
7.000000E-003,0E+0,
7.010000E-003,5.6E-4,
7.020000E-003,0E+0,
7.030000E-003,-4.8E-4,
7.040000E-003,-8.8E-4,
7.050000E-003,-3.2E-4,
7.060000E-003,5.6E-4,
7.070000E-003,0E+0,
7.080000E-003,-4.8E-4,
7.090000E-003,-8.8E-4,
7.100000E-003,1.6E-4,
7.110000E-003,5.6E-4,
7.120000E-003,0E+0,
7.130000E-003,-4.8E-4,
7.140000E-003,-4.8E-4,
7.150000E-003,1.6E-4,
7.160000E-003,5.6E-4,
7.170000E-003,1.6E-4,
7.180000E-003,-7.2E-4,
7.190000E-003,-7.2E-4,
7.200000E-003,0E+0,
7.210000E-003,4E-4,
7.220000E-003,0E+0,
7.230000E-003,-7.2E-4,
7.240000E-003,-7.2E-4,
7.250000E-003,1.6E-4,
7.260000E-003,5.6E-4,
7.270000E-003,-3.2E-4,
7.280000E-003,-7.2E-4,
7.290000E-003,-7.2E-4,
7.300000E-003,1.6E-4,
7.310000E-003,4E-4,
7.320000E-003,0E+0,
7.330000E-003,-8.8E-4,
7.340000E-003,-7.2E-4,
7.350000E-003,1.6E-4,
7.360000E-003,1.6E-4,
7.370000E-003,-3.2E-4,
7.380000E-003,-8.8E-4,
7.390000E-003,-4.8E-4,
7.400000E-003,1.6E-4,
7.410000E-003,4E-4,
7.420000E-003,-3.2E-4,
7.430000E-003,-8.8E-4,
7.440000E-003,-3.2E-4,
7.450000E-003,1.6E-4,
7.460000E-003,4E-4,
7.470000E-003,-4.8E-4,
7.480000E-003,-8.8E-4,
7.490000E-003,-7.2E-4,
7.500000E-003,0E+0,
7.510000E-003,1.6E-4,
7.520000E-003,-3.2E-4,
7.530000E-003,-8.8E-4,
7.540000E-003,-4.8E-4,
7.550000E-003,1.6E-4,
7.560000E-003,0E+0,
7.570000E-003,-8.8E-4,
7.580000E-003,-1.28E-3,
7.590000E-003,-7.2E-4,
7.600000E-003,0E+0,
7.610000E-003,0E+0,
7.620000E-003,-8.8E-4,
7.630000E-003,-1.12E-3,
7.640000E-003,-8.8E-4,
7.650000E-003,0E+0,
7.660000E-003,0E+0,
7.670000E-003,-1.12E-3,
7.680000E-003,-1.28E-3,
7.690000E-003,-8.8E-4,
7.700000E-003,0E+0,
7.710000E-003,0E+0,
7.720000E-003,-1.12E-3,
7.730000E-003,-1.52E-3,
7.740000E-003,-8.8E-4,
7.750000E-003,-4.8E-4,
7.760000E-003,-4.8E-4,
7.770000E-003,-1.52E-3,
7.780000E-003,-1.52E-3,
7.790000E-003,-1.28E-3,
7.800000E-003,-4.8E-4,
7.810000E-003,-8.8E-4,
7.820000E-003,-1.52E-3,
7.830000E-003,-1.68E-3,
7.840000E-003,-1.28E-3,
7.850000E-003,-4.8E-4,
7.860000E-003,-8.8E-4,
7.870000E-003,-1.52E-3,
7.880000E-003,-1.68E-3,
7.890000E-003,-1.52E-3,
7.900000E-003,-7.2E-4,
7.910000E-003,-1.28E-3,
7.920000E-003,-1.68E-3,
7.930000E-003,-1.92E-3,
7.940000E-003,-1.28E-3,
7.950000E-003,-1.12E-3,
7.960000E-003,-1.52E-3,
7.970000E-003,-1.92E-3,
7.980000E-003,-2.08E-3,
7.990000E-003,-1.68E-3,
8.000000E-003,-1.12E-3,
8.010000E-003,-1.52E-3,
8.020000E-003,-1.92E-3,
8.030000E-003,-2.32E-3,
8.040000E-003,-1.68E-3,
8.050000E-003,-1.28E-3,
8.060000E-003,-1.52E-3,
8.070000E-003,-2.08E-3,
8.080000E-003,-2.08E-3,
8.090000E-003,-1.68E-3,
8.100000E-003,-1.28E-3,
8.110000E-003,-1.68E-3,
8.120000E-003,-2.08E-3,
8.130000E-003,-2.32E-3,
8.140000E-003,-1.68E-3,
8.150000E-003,-1.52E-3,
8.160000E-003,-1.68E-3,
8.170000E-003,-2.32E-3,
8.180000E-003,-2.48E-3,
8.190000E-003,-1.68E-3,
8.200000E-003,-1.28E-3,
8.210000E-003,-1.92E-3,
8.220000E-003,-2.48E-3,
8.230000E-003,-2.32E-3,
8.240000E-003,-1.68E-3,
8.250000E-003,-1.52E-3,
8.260000E-003,-1.68E-3,
8.270000E-003,-2.32E-3,
8.280000E-003,-2.32E-3,
8.290000E-003,-1.68E-3,
8.300000E-003,-1.52E-3,
8.310000E-003,-1.92E-3,
8.320000E-003,-2.48E-3,
8.330000E-003,-2.32E-3,
8.340000E-003,-1.68E-3,
8.350000E-003,-1.52E-3,
8.360000E-003,-1.68E-3,
8.370000E-003,-2.32E-3,
8.380000E-003,-2.32E-3,
8.390000E-003,-1.68E-3,
8.400000E-003,-1.52E-3,
8.410000E-003,-2.08E-3,
8.420000E-003,-2.48E-3,
8.430000E-003,-2.32E-3,
8.440000E-003,-1.68E-3,
8.450000E-003,-1.52E-3,
8.460000E-003,-2.08E-3,
8.470000E-003,-2.48E-3,
8.480000E-003,-2.32E-3,
8.490000E-003,-1.68E-3,
8.500000E-003,-1.68E-3,
8.510000E-003,-2.08E-3,
8.520000E-003,-2.32E-3,
8.530000E-003,-2.32E-3,
8.540000E-003,-1.52E-3,
8.550000E-003,-1.52E-3,
8.560000E-003,-2.08E-3,
8.570000E-003,-2.32E-3,
8.580000E-003,-2.08E-3,
8.590000E-003,-1.52E-3,
8.600000E-003,-1.28E-3,
8.610000E-003,-1.92E-3,
8.620000E-003,-2.32E-3,
8.630000E-003,-2.08E-3,
8.640000E-003,-1.68E-3,
8.650000E-003,-1.52E-3,
8.660000E-003,-1.92E-3,
8.670000E-003,-2.32E-3,
8.680000E-003,-1.92E-3,
8.690000E-003,-1.28E-3,
8.700000E-003,-1.52E-3,
8.710000E-003,-2.08E-3,
8.720000E-003,-2.32E-3,
8.730000E-003,-1.92E-3,
8.740000E-003,-1.52E-3,
8.750000E-003,-1.28E-3,
8.760000E-003,-1.68E-3,
8.770000E-003,-2.08E-3,
8.780000E-003,-1.68E-3,
8.790000E-003,-1.28E-3,
8.800000E-003,-1.52E-3,
8.810000E-003,-1.68E-3,
8.820000E-003,-2.32E-3,
8.830000E-003,-1.68E-3,
8.840000E-003,-1.28E-3,
8.850000E-003,-1.28E-3,
8.860000E-003,-1.92E-3,
8.870000E-003,-2.32E-3,
8.880000E-003,-1.68E-3,
8.890000E-003,-1.28E-3,
8.900000E-003,-1.28E-3,
8.910000E-003,-1.68E-3,
8.920000E-003,-2.08E-3,
8.930000E-003,-1.68E-3,
8.940000E-003,-1.28E-3,
8.950000E-003,-1.52E-3,
8.960000E-003,-2.08E-3,
8.970000E-003,-2.08E-3,
8.980000E-003,-1.52E-3,
8.990000E-003,-8.8E-4,
9.000000E-003,-1.28E-3,
9.010000E-003,-1.92E-3,
9.020000E-003,-2.32E-3,
9.030000E-003,-1.68E-3,
9.040000E-003,-1.12E-3,
9.050000E-003,-1.28E-3,
9.060000E-003,-1.68E-3,
9.070000E-003,-1.92E-3,
9.080000E-003,-1.52E-3,
9.090000E-003,-1.12E-3,
9.100000E-003,-1.28E-3,
9.110000E-003,-1.68E-3,
9.120000E-003,-2.08E-3,
9.130000E-003,-1.52E-3,
9.140000E-003,-7.2E-4,
9.150000E-003,-1.12E-3,
9.160000E-003,-1.68E-3,
9.170000E-003,-1.92E-3,
9.180000E-003,-1.52E-3,
9.190000E-003,-1.12E-3,
9.200000E-003,-1.28E-3,
9.210000E-003,-1.68E-3,
9.220000E-003,-1.92E-3,
9.230000E-003,-1.52E-3,
9.240000E-003,-1.28E-3,
9.250000E-003,-1.28E-3,
9.260000E-003,-1.68E-3,
9.270000E-003,-1.92E-3,
9.280000E-003,-1.52E-3,
9.290000E-003,-7.2E-4,
9.300000E-003,-1.12E-3,
9.310000E-003,-1.68E-3,
9.320000E-003,-1.68E-3,
9.330000E-003,-1.28E-3,
9.340000E-003,-8.8E-4,
9.350000E-003,-8.8E-4,
9.360000E-003,-1.68E-3,
9.370000E-003,-1.68E-3,
9.380000E-003,-1.12E-3,
9.390000E-003,-8.8E-4,
9.400000E-003,-1.28E-3,
9.410000E-003,-1.52E-3,
9.420000E-003,-1.92E-3,
9.430000E-003,-1.28E-3,
9.440000E-003,-8.8E-4,
9.450000E-003,-1.12E-3,
9.460000E-003,-1.68E-3,
9.470000E-003,-1.68E-3,
9.480000E-003,-1.28E-3,
9.490000E-003,-8.8E-4,
9.500000E-003,-1.28E-3,
9.510000E-003,-1.68E-3,
9.520000E-003,-1.68E-3,
9.530000E-003,-1.12E-3,
9.540000E-003,-8.8E-4,
9.550000E-003,-8.8E-4,
9.560000E-003,-1.68E-3,
9.570000E-003,-1.68E-3,
9.580000E-003,-1.28E-3,
9.590000E-003,-7.2E-4,
9.600000E-003,-8.8E-4,
9.610000E-003,-1.68E-3,
9.620000E-003,-1.68E-3,
9.630000E-003,-1.12E-3,
9.640000E-003,-7.2E-4,
9.650000E-003,-1.12E-3,
9.660000E-003,-1.68E-3,
9.670000E-003,-1.68E-3,
9.680000E-003,-8.8E-4,
9.690000E-003,-7.2E-4,
9.700000E-003,-8.8E-4,
9.710000E-003,-1.68E-3,
9.720000E-003,-1.68E-3,
9.730000E-003,-1.12E-3,
9.740000E-003,-7.2E-4,
9.750000E-003,-8.8E-4,
9.760000E-003,-1.52E-3,
9.770000E-003,-1.68E-3,
9.780000E-003,-8.8E-4,
9.790000E-003,-3.2E-4,
9.800000E-003,-1.12E-3,
9.810000E-003,-1.52E-3,
9.820000E-003,-1.68E-3,
9.830000E-003,-8.8E-4,
9.840000E-003,-7.2E-4,
9.850000E-003,-1.12E-3,
9.860000E-003,-1.52E-3,
9.870000E-003,-1.68E-3,
9.880000E-003,-1.12E-3,
9.890000E-003,-8.8E-4,
9.900000E-003,-1.12E-3,
9.910000E-003,-1.52E-3,
9.920000E-003,-1.68E-3,
9.930000E-003,-1.12E-3,
9.940000E-003,-4.8E-4,
9.950000E-003,-1.12E-3,
9.960000E-003,-1.68E-3,
9.970000E-003,-1.52E-3,
9.980000E-003,-8.8E-4,
9.990000E-003,-4.8E-4,
1.000000E-002,-8.8E-4,
1.001000E-002,-1.52E-3,
1.002000E-002,-1.68E-3,
1.003000E-002,-8.8E-4,
1.004000E-002,-3.2E-4,
1.005000E-002,-7.2E-4,
1.006000E-002,-1.52E-3,
1.007000E-002,-1.28E-3,
1.008000E-002,-8.8E-4,
1.009000E-002,-4.8E-4,
1.010000E-002,-1.12E-3,
1.011000E-002,-1.68E-3,
1.012000E-002,-1.52E-3,
1.013000E-002,-7.2E-4,
1.014000E-002,-7.2E-4,
1.015000E-002,-8.8E-4,
1.016000E-002,-1.52E-3,
1.017000E-002,-1.52E-3,
1.018000E-002,-8.8E-4,
1.019000E-002,-4.8E-4,
1.020000E-002,-8.8E-4,
1.021000E-002,-1.28E-3,
1.022000E-002,-1.28E-3,
1.023000E-002,-8.8E-4,
1.024000E-002,-3.2E-4,
1.025000E-002,-8.8E-4,
1.026000E-002,-1.12E-3,
1.027000E-002,-1.28E-3,
1.028000E-002,-4.8E-4,
1.029000E-002,-3.2E-4,
1.030000E-002,-7.2E-4,
1.031000E-002,-1.28E-3,
1.032000E-002,-1.52E-3,
1.033000E-002,-8.8E-4,
1.034000E-002,-4.8E-4,
1.035000E-002,-7.2E-4,
1.036000E-002,-1.28E-3,
1.037000E-002,-1.52E-3,
1.038000E-002,-8.8E-4,
1.039000E-002,-3.2E-4,
1.040000E-002,-1.12E-3,
1.041000E-002,-1.52E-3,
1.042000E-002,-1.52E-3,
1.043000E-002,-8.8E-4,
1.044000E-002,-3.2E-4,
1.045000E-002,-7.2E-4,
1.046000E-002,-1.28E-3,
1.047000E-002,-1.68E-3,
1.048000E-002,-7.2E-4,
1.049000E-002,-3.2E-4,
1.050000E-002,-7.2E-4,
1.051000E-002,-1.28E-3,
1.052000E-002,-1.52E-3,
1.053000E-002,-8.8E-4,
1.054000E-002,-4.8E-4,
1.055000E-002,-8.8E-4,
1.056000E-002,-1.52E-3,
1.057000E-002,-1.52E-3,
1.058000E-002,-7.2E-4,
1.059000E-002,-3.2E-4,
1.060000E-002,-8.8E-4,
1.061000E-002,-1.28E-3,
1.062000E-002,-1.52E-3,
1.063000E-002,-8.8E-4,
1.064000E-002,-3.2E-4,
1.065000E-002,-7.2E-4,
1.066000E-002,-1.28E-3,
1.067000E-002,-1.52E-3,
1.068000E-002,-8.8E-4,
1.069000E-002,-4.8E-4,
1.070000E-002,-7.2E-4,
1.071000E-002,-1.52E-3,
1.072000E-002,-1.68E-3,
1.073000E-002,-8.8E-4,
1.074000E-002,-4.8E-4,
1.075000E-002,-8.8E-4,
1.076000E-002,-1.52E-3,
1.077000E-002,-1.68E-3,
1.078000E-002,-1.12E-3,
1.079000E-002,-7.2E-4,
1.080000E-002,-8.8E-4,
1.081000E-002,-1.52E-3,
1.082000E-002,-1.68E-3,
1.083000E-002,-1.28E-3,
1.084000E-002,-4.8E-4,
1.085000E-002,-1.12E-3,
1.086000E-002,-1.52E-3,
1.087000E-002,-1.68E-3,
1.088000E-002,-1.28E-3,
1.089000E-002,-4.8E-4,
1.090000E-002,-1.12E-3,
1.091000E-002,-1.68E-3,
1.092000E-002,-1.68E-3,
1.093000E-002,-1.52E-3,
1.094000E-002,-7.2E-4,
1.095000E-002,-8.8E-4,
1.096000E-002,-1.68E-3,
1.097000E-002,-1.68E-3,
1.098000E-002,-1.28E-3,
1.099000E-002,-8.8E-4,
1.100000E-002,-8.8E-4,
1.101000E-002,-1.68E-3,
1.102000E-002,-2.08E-3,
1.103000E-002,-1.52E-3,
1.104000E-002,-8.8E-4,
1.105000E-002,-1.12E-3,
1.106000E-002,-1.68E-3,
1.107000E-002,-2.08E-3,
1.108000E-002,-1.68E-3,
1.109000E-002,-8.8E-4,
1.110000E-002,-1.28E-3,
1.111000E-002,-1.68E-3,
1.112000E-002,-1.92E-3,
1.113000E-002,-1.52E-3,
1.114000E-002,-8.8E-4,
1.115000E-002,-1.28E-3,
1.116000E-002,-2.08E-3,
1.117000E-002,-2.32E-3,
1.118000E-002,-1.68E-3,
1.119000E-002,-1.12E-3,
1.120000E-002,-1.28E-3,
1.121000E-002,-1.68E-3,
1.122000E-002,-1.68E-3,
1.123000E-002,-1.68E-3,
1.124000E-002,-1.28E-3,
1.125000E-002,-1.52E-3,
1.126000E-002,-1.68E-3,
1.127000E-002,-2.08E-3,
1.128000E-002,-1.68E-3,
1.129000E-002,-1.28E-3,
1.130000E-002,-1.28E-3,
1.131000E-002,-1.92E-3,
1.132000E-002,-2.08E-3,
1.133000E-002,-1.68E-3,
1.134000E-002,-1.12E-3,
1.135000E-002,-1.28E-3,
1.136000E-002,-1.68E-3,
1.137000E-002,-2.32E-3,
1.138000E-002,-1.68E-3,
1.139000E-002,-1.12E-3,
1.140000E-002,-1.52E-3,
1.141000E-002,-1.92E-3,
1.142000E-002,-2.32E-3,
1.143000E-002,-1.68E-3,
1.144000E-002,-1.12E-3,
1.145000E-002,-1.28E-3,
1.146000E-002,-1.68E-3,
1.147000E-002,-2.08E-3,
1.148000E-002,-1.68E-3,
1.149000E-002,-1.12E-3,
1.150000E-002,-1.12E-3,
1.151000E-002,-1.68E-3,
1.152000E-002,-2.08E-3,
1.153000E-002,-1.68E-3,
1.154000E-002,-1.12E-3,
1.155000E-002,-1.28E-3,
1.156000E-002,-1.68E-3,
1.157000E-002,-2.08E-3,
1.158000E-002,-1.68E-3,
1.159000E-002,-8.8E-4,
1.160000E-002,-1.12E-3,
1.161000E-002,-1.68E-3,
1.162000E-002,-2.08E-3,
1.163000E-002,-1.68E-3,
1.164000E-002,-1.12E-3,
1.165000E-002,-1.28E-3,
1.166000E-002,-1.68E-3,
1.167000E-002,-1.92E-3,
1.168000E-002,-1.68E-3,
1.169000E-002,-1.28E-3,
1.170000E-002,-1.28E-3,
1.171000E-002,-1.52E-3,
1.172000E-002,-1.92E-3,
1.173000E-002,-1.68E-3,
1.174000E-002,-1.12E-3,
1.175000E-002,-1.12E-3,
1.176000E-002,-1.68E-3,
1.177000E-002,-2.08E-3,
1.178000E-002,-1.92E-3,
1.179000E-002,-1.12E-3,
1.180000E-002,-8.8E-4,
1.181000E-002,-1.68E-3,
1.182000E-002,-1.92E-3,
1.183000E-002,-1.92E-3,
1.184000E-002,-1.28E-3,
1.185000E-002,-1.12E-3,
1.186000E-002,-1.52E-3,
1.187000E-002,-1.92E-3,
1.188000E-002,-1.92E-3,
1.189000E-002,-1.12E-3,
1.190000E-002,-7.2E-4,
1.191000E-002,-1.52E-3,
1.192000E-002,-2.08E-3,
1.193000E-002,-1.92E-3,
1.194000E-002,-1.28E-3,
1.195000E-002,-8.8E-4,
1.196000E-002,-1.52E-3,
1.197000E-002,-1.68E-3,
1.198000E-002,-1.68E-3,
1.199000E-002,-1.28E-3,
1.200000E-002,-8.8E-4,
1.201000E-002,-1.52E-3,
1.202000E-002,-1.68E-3,
1.203000E-002,-1.92E-3,
1.204000E-002,-1.28E-3,
1.205000E-002,-8.8E-4,
1.206000E-002,-1.28E-3,
1.207000E-002,-2.08E-3,
1.208000E-002,-1.92E-3,
1.209000E-002,-1.28E-3,
1.210000E-002,-8.8E-4,
1.211000E-002,-1.52E-3,
1.212000E-002,-1.68E-3,
1.213000E-002,-1.68E-3,
1.214000E-002,-1.12E-3,
1.215000E-002,-7.2E-4,
1.216000E-002,-1.52E-3,
1.217000E-002,-1.92E-3,
1.218000E-002,-1.92E-3,
1.219000E-002,-1.28E-3,
1.220000E-002,-8.8E-4,
1.221000E-002,-1.12E-3,
1.222000E-002,-1.68E-3,
1.223000E-002,-1.68E-3,
1.224000E-002,-1.28E-3,
1.225000E-002,-7.2E-4,
1.226000E-002,-1.12E-3,
1.227000E-002,-1.68E-3,
1.228000E-002,-1.92E-3,
1.229000E-002,-1.28E-3,
1.230000E-002,-7.2E-4,
1.231000E-002,-1.12E-3,
1.232000E-002,-1.68E-3,
1.233000E-002,-1.68E-3,
1.234000E-002,-1.52E-3,
1.235000E-002,-7.2E-4,
1.236000E-002,-8.8E-4,
1.237000E-002,-1.68E-3,
1.238000E-002,-1.68E-3,
1.239000E-002,-1.28E-3,
1.240000E-002,-7.2E-4,
1.241000E-002,-8.8E-4,
1.242000E-002,-1.52E-3,
1.243000E-002,-1.68E-3,
1.244000E-002,-1.28E-3,
1.245000E-002,-8.8E-4,
1.246000E-002,-1.12E-3,
1.247000E-002,-1.52E-3,
1.248000E-002,-1.92E-3,
1.249000E-002,-1.28E-3,
1.250000E-002,-7.2E-4,
1.251000E-002,-8.8E-4,
1.252000E-002,-1.68E-3,
1.253000E-002,-2.08E-3,
1.254000E-002,-1.52E-3,
1.255000E-002,-8.8E-4,
1.256000E-002,-8.8E-4,
1.257000E-002,-1.52E-3,
1.258000E-002,-1.92E-3,
1.259000E-002,-1.52E-3,
1.260000E-002,-8.8E-4,
1.261000E-002,-7.2E-4,
1.262000E-002,-1.52E-3,
1.263000E-002,-1.68E-3,
1.264000E-002,-1.52E-3,
1.265000E-002,-7.2E-4,
1.266000E-002,-7.2E-4,
1.267000E-002,-1.28E-3,
1.268000E-002,-1.92E-3,
1.269000E-002,-1.68E-3,
1.270000E-002,-8.8E-4,
1.271000E-002,-8.8E-4,
1.272000E-002,-1.28E-3,
1.273000E-002,-1.68E-3,
1.274000E-002,-1.52E-3,
1.275000E-002,-1.12E-3,
1.276000E-002,-1.12E-3,
1.277000E-002,-1.52E-3,
1.278000E-002,-1.68E-3,
1.279000E-002,-1.68E-3,
1.280000E-002,-8.8E-4,
1.281000E-002,-4.8E-4,
1.282000E-002,-1.12E-3,
1.283000E-002,-1.68E-3,
1.284000E-002,-1.68E-3,
1.285000E-002,-1.12E-3,
1.286000E-002,-7.2E-4,
1.287000E-002,-1.12E-3,
1.288000E-002,-1.68E-3,
1.289000E-002,-1.68E-3,
1.290000E-002,-8.8E-4,
1.291000E-002,-7.2E-4,
1.292000E-002,-1.12E-3,
1.293000E-002,-1.52E-3,
1.294000E-002,-1.68E-3,
1.295000E-002,-7.2E-4,
1.296000E-002,-4.8E-4,
1.297000E-002,-8.8E-4,
1.298000E-002,-1.68E-3,
1.299000E-002,-1.68E-3,
1.300000E-002,-8.8E-4,
1.301000E-002,-4.8E-4,
1.302000E-002,-8.8E-4,
1.303000E-002,-1.28E-3,
1.304000E-002,-1.52E-3,
1.305000E-002,-8.8E-4,
1.306000E-002,-7.2E-4,
1.307000E-002,-8.8E-4,
1.308000E-002,-1.52E-3,
1.309000E-002,-1.68E-3,
1.310000E-002,-1.12E-3,
1.311000E-002,-7.2E-4,
1.312000E-002,-8.8E-4,
1.313000E-002,-1.52E-3,
1.314000E-002,-1.68E-3,
1.315000E-002,-1.28E-3,
1.316000E-002,-7.2E-4,
1.317000E-002,-8.8E-4,
1.318000E-002,-1.52E-3,
1.319000E-002,-1.52E-3,
1.320000E-002,-1.28E-3,
1.321000E-002,-4.8E-4,
1.322000E-002,-7.2E-4,
1.323000E-002,-1.52E-3,
1.324000E-002,-1.68E-3,
1.325000E-002,-1.52E-3,
1.326000E-002,-7.2E-4,
1.327000E-002,-4.8E-4,
1.328000E-002,-1.28E-3,
1.329000E-002,-1.52E-3,
1.330000E-002,-1.12E-3,
1.331000E-002,-8.8E-4,
1.332000E-002,-4.8E-4,
1.333000E-002,-1.28E-3,
1.334000E-002,-1.68E-3,
1.335000E-002,-1.28E-3,
1.336000E-002,-7.2E-4,
1.337000E-002,-4.8E-4,
1.338000E-002,-1.28E-3,
1.339000E-002,-1.68E-3,
1.340000E-002,-1.28E-3,
1.341000E-002,-7.2E-4,
1.342000E-002,-3.2E-4,
1.343000E-002,-1.12E-3,
1.344000E-002,-1.68E-3,
1.345000E-002,-1.68E-3,
1.346000E-002,-8.8E-4,
1.347000E-002,-7.2E-4,
1.348000E-002,-1.12E-3,
1.349000E-002,-1.52E-3,
1.350000E-002,-1.52E-3,
1.351000E-002,-8.8E-4,
1.352000E-002,-4.8E-4,
1.353000E-002,-1.12E-3,
1.354000E-002,-1.68E-3,
1.355000E-002,-1.68E-3,
1.356000E-002,-8.8E-4,
1.357000E-002,-4.8E-4,
1.358000E-002,-1.12E-3,
1.359000E-002,-1.52E-3,
1.360000E-002,-1.52E-3,
1.361000E-002,-8.8E-4,
1.362000E-002,-4.8E-4,
1.363000E-002,-8.8E-4,
1.364000E-002,-1.52E-3,
1.365000E-002,-1.28E-3,
1.366000E-002,-8.8E-4,
1.367000E-002,-4.8E-4,
1.368000E-002,-8.8E-4,
1.369000E-002,-1.28E-3,
1.370000E-002,-1.68E-3,
1.371000E-002,-8.8E-4,
1.372000E-002,-4.8E-4,
1.373000E-002,-4.8E-4,
1.374000E-002,-1.28E-3,
1.375000E-002,-1.68E-3,
1.376000E-002,-1.28E-3,
1.377000E-002,-4.8E-4,
1.378000E-002,-7.2E-4,
1.379000E-002,-1.28E-3,
1.380000E-002,-1.52E-3,
1.381000E-002,-1.12E-3,
1.382000E-002,-4.8E-4,
1.383000E-002,-4.8E-4,
1.384000E-002,-1.28E-3,
1.385000E-002,-1.68E-3,
1.386000E-002,-1.28E-3,
1.387000E-002,-3.2E-4,
1.388000E-002,-3.2E-4,
1.389000E-002,-1.12E-3,
1.390000E-002,-1.68E-3,
1.391000E-002,-1.28E-3,
1.392000E-002,-7.2E-4,
1.393000E-002,-3.2E-4,
1.394000E-002,-1.12E-3,
1.395000E-002,-1.68E-3,
1.396000E-002,-1.28E-3,
1.397000E-002,-7.2E-4,
1.398000E-002,-3.2E-4,
1.399000E-002,-8.8E-4,
1.400000E-002,-1.52E-3,
1.401000E-002,-1.52E-3,
1.402000E-002,-8.8E-4,
1.403000E-002,-3.2E-4,
1.404000E-002,-7.2E-4,
1.405000E-002,-1.52E-3,
1.406000E-002,-1.28E-3,
1.407000E-002,-8.8E-4,
1.408000E-002,-3.2E-4,
1.409000E-002,-7.2E-4,
1.410000E-002,-1.28E-3,
1.411000E-002,-1.28E-3,
1.412000E-002,-8.8E-4,
1.413000E-002,-3.2E-4,
1.414000E-002,-8.8E-4,
1.415000E-002,-1.52E-3,
1.416000E-002,-1.52E-3,
1.417000E-002,-7.2E-4,
1.418000E-002,-4.8E-4,
1.419000E-002,-4.8E-4,
1.420000E-002,-1.28E-3,
1.421000E-002,-1.52E-3,
1.422000E-002,-8.8E-4,
1.423000E-002,-4.8E-4,
1.424000E-002,-4.8E-4,
1.425000E-002,-1.12E-3,
1.426000E-002,-1.28E-3,
1.427000E-002,-8.8E-4,
1.428000E-002,-3.2E-4,
1.429000E-002,-4.8E-4,
1.430000E-002,-1.12E-3,
1.431000E-002,-1.52E-3,
1.432000E-002,-8.8E-4,
1.433000E-002,-3.2E-4,
1.434000E-002,-3.2E-4,
1.435000E-002,-1.12E-3,
1.436000E-002,-1.52E-3,
1.437000E-002,-8.8E-4,
1.438000E-002,-4.8E-4,
1.439000E-002,-3.2E-4,
1.440000E-002,-8.8E-4,
1.441000E-002,-1.28E-3,
1.442000E-002,-1.28E-3,
1.443000E-002,-4.8E-4,
1.444000E-002,-3.2E-4,
1.445000E-002,-1.12E-3,
1.446000E-002,-1.52E-3,
1.447000E-002,-1.52E-3,
1.448000E-002,-4.8E-4,
1.449000E-002,0E+0,
1.450000E-002,-7.2E-4,
1.451000E-002,-1.12E-3,
1.452000E-002,-1.28E-3,
1.453000E-002,-4.8E-4,
1.454000E-002,-4.8E-4,
1.455000E-002,-8.8E-4,
1.456000E-002,-1.28E-3,
1.457000E-002,-1.28E-3,
1.458000E-002,-4.8E-4,
1.459000E-002,-3.2E-4,
1.460000E-002,-7.2E-4,
1.461000E-002,-1.52E-3,
1.462000E-002,-1.52E-3,
1.463000E-002,-8.8E-4,
1.464000E-002,0E+0,
1.465000E-002,-3.2E-4,
1.466000E-002,-8.8E-4,
1.467000E-002,-1.28E-3,
1.468000E-002,-8.8E-4,
1.469000E-002,0E+0,
1.470000E-002,-4.8E-4,
1.471000E-002,-1.12E-3,
1.472000E-002,-1.52E-3,
1.473000E-002,-7.2E-4,
1.474000E-002,-3.2E-4,
1.475000E-002,-4.8E-4,
1.476000E-002,-1.28E-3,
1.477000E-002,-1.52E-3,
1.478000E-002,-8.8E-4,
1.479000E-002,-3.2E-4,
1.480000E-002,-3.2E-4,
1.481000E-002,-8.8E-4,
1.482000E-002,-1.52E-3,
1.483000E-002,-1.12E-3,
1.484000E-002,-3.2E-4,
1.485000E-002,0E+0,
1.486000E-002,-7.2E-4,
1.487000E-002,-1.12E-3,
1.488000E-002,-8.8E-4,
1.489000E-002,0E+0,
1.490000E-002,0E+0,
1.491000E-002,-7.2E-4,
1.492000E-002,-1.12E-3,
1.493000E-002,-1.28E-3,
1.494000E-002,-3.2E-4,
1.495000E-002,0E+0,
1.496000E-002,-4.8E-4,
1.497000E-002,-1.28E-3,
1.498000E-002,-1.12E-3,
1.499000E-002,-7.2E-4,
1.500000E-002,0E+0,
1.501000E-002,-4.8E-4,
1.502000E-002,-1.12E-3,
1.503000E-002,-1.12E-3,
1.504000E-002,-4.8E-4,
1.505000E-002,-3.2E-4,
1.506000E-002,-4.8E-4,
1.507000E-002,-1.12E-3,
1.508000E-002,-1.28E-3,
1.509000E-002,-7.2E-4,
1.510000E-002,0E+0,
1.511000E-002,-3.2E-4,
1.512000E-002,-8.8E-4,
1.513000E-002,-1.28E-3,
1.514000E-002,-4.8E-4,
1.515000E-002,0E+0,
1.516000E-002,-3.2E-4,
1.517000E-002,-8.8E-4,
1.518000E-002,-1.12E-3,
1.519000E-002,-8.8E-4,
1.520000E-002,-3.2E-4,
1.521000E-002,-3.2E-4,
1.522000E-002,-8.8E-4,
1.523000E-002,-1.28E-3,
1.524000E-002,-8.8E-4,
1.525000E-002,-3.2E-4,
1.526000E-002,1.6E-4,
1.527000E-002,-7.2E-4,
1.528000E-002,-1.12E-3,
1.529000E-002,-1.12E-3,
1.530000E-002,-4.8E-4,
1.531000E-002,0E+0,
1.532000E-002,-4.8E-4,
1.533000E-002,-1.12E-3,
1.534000E-002,-8.8E-4,
1.535000E-002,-4.8E-4,
1.536000E-002,0E+0,
1.537000E-002,-3.2E-4,
1.538000E-002,-8.8E-4,
1.539000E-002,-1.12E-3,
1.540000E-002,-3.2E-4,
1.541000E-002,1.6E-4,
1.542000E-002,-3.2E-4,
1.543000E-002,-1.12E-3,
1.544000E-002,-1.28E-3,
1.545000E-002,-4.8E-4,
1.546000E-002,0E+0,
1.547000E-002,-3.2E-4,
1.548000E-002,-8.8E-4,
1.549000E-002,-1.28E-3,
1.550000E-002,-8.8E-4,
1.551000E-002,0E+0,
1.552000E-002,-3.2E-4,
1.553000E-002,-8.8E-4,
1.554000E-002,-1.12E-3,
1.555000E-002,-8.8E-4,
1.556000E-002,1.6E-4,
1.557000E-002,0E+0,
1.558000E-002,-7.2E-4,
1.559000E-002,-1.28E-3,
1.560000E-002,-8.8E-4,
1.561000E-002,-3.2E-4,
1.562000E-002,0E+0,
1.563000E-002,-7.2E-4,
1.564000E-002,-1.12E-3,
1.565000E-002,-8.8E-4,
1.566000E-002,-4.8E-4,
1.567000E-002,0E+0,
1.568000E-002,-7.2E-4,
1.569000E-002,-8.8E-4,
1.570000E-002,-8.8E-4,
1.571000E-002,-4.8E-4,
1.572000E-002,0E+0,
1.573000E-002,-7.2E-4,
1.574000E-002,-1.12E-3,
1.575000E-002,-1.12E-3,
1.576000E-002,-4.8E-4,
1.577000E-002,0E+0,
1.578000E-002,0E+0,
1.579000E-002,-8.8E-4,
1.580000E-002,-1.12E-3,
1.581000E-002,-4.8E-4,
1.582000E-002,-3.2E-4,
1.583000E-002,-3.2E-4,
1.584000E-002,-8.8E-4,
1.585000E-002,-1.28E-3,
1.586000E-002,-8.8E-4,
1.587000E-002,0E+0,
1.588000E-002,-3.2E-4,
1.589000E-002,-1.12E-3,
1.590000E-002,-1.28E-3,
1.591000E-002,-8.8E-4,
1.592000E-002,-3.2E-4,
1.593000E-002,0E+0,
1.594000E-002,-7.2E-4,
1.595000E-002,-1.12E-3,
1.596000E-002,-1.12E-3,
1.597000E-002,-4.8E-4,
1.598000E-002,-3.2E-4,
1.599000E-002,-8.8E-4,
1.600000E-002,-1.52E-3,
1.601000E-002,-1.12E-3,
1.602000E-002,-3.2E-4,
1.603000E-002,-3.2E-4,
1.604000E-002,-8.8E-4,
1.605000E-002,-1.52E-3,
1.606000E-002,-1.28E-3,
1.607000E-002,-1.12E-3,
1.608000E-002,-3.2E-4,
1.609000E-002,-8.8E-4,
1.610000E-002,-1.52E-3,
1.611000E-002,-1.68E-3,
1.612000E-002,-1.28E-3,
1.613000E-002,-7.2E-4,
1.614000E-002,-8.8E-4,
1.615000E-002,-1.68E-3,
1.616000E-002,-1.68E-3,
1.617000E-002,-1.28E-3,
1.618000E-002,-7.2E-4,
1.619000E-002,-8.8E-4,
1.620000E-002,-1.52E-3,
1.621000E-002,-1.68E-3,
1.622000E-002,-1.52E-3,
1.623000E-002,-8.8E-4,
1.624000E-002,-8.8E-4,
1.625000E-002,-1.28E-3,
1.626000E-002,-1.68E-3,
1.627000E-002,-1.68E-3,
1.628000E-002,-8.8E-4,
1.629000E-002,-8.8E-4,
1.630000E-002,-1.68E-3,
1.631000E-002,-2.08E-3,
1.632000E-002,-2.08E-3,
1.633000E-002,-1.52E-3,
1.634000E-002,-1.12E-3,
1.635000E-002,-1.68E-3,
1.636000E-002,-2.08E-3,
1.637000E-002,-2.08E-3,
1.638000E-002,-1.68E-3,
1.639000E-002,-1.28E-3,
1.640000E-002,-1.68E-3,
1.641000E-002,-2.32E-3,
1.642000E-002,-2.32E-3,
1.643000E-002,-1.92E-3,
1.644000E-002,-1.68E-3,
1.645000E-002,-1.92E-3,
1.646000E-002,-2.48E-3,
1.647000E-002,-2.48E-3,
1.648000E-002,-2.08E-3,
1.649000E-002,-1.68E-3,
1.650000E-002,-1.68E-3,
1.651000E-002,-2.32E-3,
1.652000E-002,-2.48E-3,
1.653000E-002,-2.32E-3,
1.654000E-002,-1.68E-3,
1.655000E-002,-1.52E-3,
1.656000E-002,-2.08E-3,
1.657000E-002,-2.72E-3,
1.658000E-002,-2.32E-3,
1.659000E-002,-1.92E-3,
1.660000E-002,-1.68E-3,
1.661000E-002,-2.32E-3,
1.662000E-002,-2.88E-3,
1.663000E-002,-2.72E-3,
1.664000E-002,-2.08E-3,
1.665000E-002,-1.92E-3,
1.666000E-002,-2.08E-3,
1.667000E-002,-2.88E-3,
1.668000E-002,-3.12E-3,
1.669000E-002,-2.08E-3,
1.670000E-002,-1.92E-3,
1.671000E-002,-2.08E-3,
1.672000E-002,-2.72E-3,
1.673000E-002,-2.88E-3,
1.674000E-002,-2.48E-3,
1.675000E-002,-1.92E-3,
1.676000E-002,-2.32E-3,
1.677000E-002,-2.72E-3,
1.678000E-002,-2.88E-3,
1.679000E-002,-2.48E-3,
1.680000E-002,-2.08E-3,
1.681000E-002,-2.08E-3,
1.682000E-002,-2.72E-3,
1.683000E-002,-2.72E-3,
1.684000E-002,-2.48E-3,
1.685000E-002,-1.92E-3,
1.686000E-002,-1.68E-3,
1.687000E-002,-2.48E-3,
1.688000E-002,-2.88E-3,
1.689000E-002,-2.72E-3,
1.690000E-002,-2.08E-3,
1.691000E-002,-2.08E-3,
1.692000E-002,-2.32E-3,
1.693000E-002,-2.72E-3,
1.694000E-002,-2.48E-3,
1.695000E-002,-2.32E-3,
1.696000E-002,-1.92E-3,
1.697000E-002,-2.32E-3,
1.698000E-002,-2.88E-3,
1.699000E-002,-2.88E-3,
1.700000E-002,-2.32E-3,
1.701000E-002,-1.68E-3,
1.702000E-002,-2.08E-3,
1.703000E-002,-2.48E-3,
1.704000E-002,-2.88E-3,
1.705000E-002,-2.48E-3,
1.706000E-002,-1.68E-3,
1.707000E-002,-1.92E-3,
1.708000E-002,-2.32E-3,
1.709000E-002,-2.88E-3,
1.710000E-002,-2.48E-3,
1.711000E-002,-1.68E-3,
1.712000E-002,-1.68E-3,
1.713000E-002,-2.32E-3,
1.714000E-002,-2.88E-3,
1.715000E-002,-2.48E-3,
1.716000E-002,-1.92E-3,
1.717000E-002,-1.52E-3,
1.718000E-002,-2.08E-3,
1.719000E-002,-2.48E-3,
1.720000E-002,-2.48E-3,
1.721000E-002,-2.08E-3,
1.722000E-002,-1.52E-3,
1.723000E-002,-1.92E-3,
1.724000E-002,-2.48E-3,
1.725000E-002,-2.48E-3,
1.726000E-002,-2.08E-3,
1.727000E-002,-1.68E-3,
1.728000E-002,-1.68E-3,
1.729000E-002,-2.48E-3,
1.730000E-002,-2.48E-3,
1.731000E-002,-1.92E-3,
1.732000E-002,-1.68E-3,
1.733000E-002,-1.52E-3,
1.734000E-002,-2.08E-3,
1.735000E-002,-2.48E-3,
1.736000E-002,-2.32E-3,
1.737000E-002,-1.68E-3,
1.738000E-002,-1.52E-3,
1.739000E-002,-2.08E-3,
1.740000E-002,-2.48E-3,
1.741000E-002,-2.32E-3,
1.742000E-002,-1.68E-3,
1.743000E-002,-1.68E-3,
1.744000E-002,-1.68E-3,
1.745000E-002,-2.32E-3,
1.746000E-002,-2.32E-3,
1.747000E-002,-1.92E-3,
1.748000E-002,-1.52E-3,
1.749000E-002,-1.68E-3,
1.750000E-002,-2.32E-3,
1.751000E-002,-2.48E-3,
1.752000E-002,-1.92E-3,
1.753000E-002,-1.52E-3,
1.754000E-002,-1.52E-3,
1.755000E-002,-2.08E-3,
1.756000E-002,-2.32E-3,
1.757000E-002,-1.92E-3,
1.758000E-002,-1.52E-3,
1.759000E-002,-1.68E-3,
1.760000E-002,-2.08E-3,
1.761000E-002,-2.48E-3,
1.762000E-002,-2.08E-3,
1.763000E-002,-1.52E-3,
1.764000E-002,-1.28E-3,
1.765000E-002,-2.08E-3,
1.766000E-002,-2.48E-3,
1.767000E-002,-2.32E-3,
1.768000E-002,-1.68E-3,
1.769000E-002,-1.28E-3,
1.770000E-002,-1.68E-3,
1.771000E-002,-2.08E-3,
1.772000E-002,-2.32E-3,
1.773000E-002,-1.68E-3,
1.774000E-002,-1.52E-3,
1.775000E-002,-1.68E-3,
1.776000E-002,-2.08E-3,
1.777000E-002,-2.32E-3,
1.778000E-002,-1.68E-3,
1.779000E-002,-1.28E-3,
1.780000E-002,-1.52E-3,
1.781000E-002,-2.08E-3,
1.782000E-002,-2.32E-3,
1.783000E-002,-2.08E-3,
1.784000E-002,-1.52E-3,
1.785000E-002,-1.52E-3,
1.786000E-002,-1.92E-3,
1.787000E-002,-2.08E-3,
1.788000E-002,-2.08E-3,
1.789000E-002,-1.52E-3,
1.790000E-002,-1.12E-3,
1.791000E-002,-1.68E-3,
1.792000E-002,-2.08E-3,
1.793000E-002,-1.92E-3,
1.794000E-002,-1.28E-3,
1.795000E-002,-8.8E-4,
1.796000E-002,-1.52E-3,
1.797000E-002,-2.08E-3,
1.798000E-002,-2.32E-3,
1.799000E-002,-1.52E-3,
1.800000E-002,-8.8E-4,
1.801000E-002,-1.28E-3,
1.802000E-002,-1.68E-3,
1.803000E-002,-2.08E-3,
1.804000E-002,-1.68E-3,
1.805000E-002,-1.28E-3,
1.806000E-002,-1.12E-3,
1.807000E-002,-1.68E-3,
1.808000E-002,-1.92E-3,
1.809000E-002,-1.68E-3,
1.810000E-002,-1.28E-3,
1.811000E-002,-1.12E-3,
1.812000E-002,-1.52E-3,
1.813000E-002,-2.08E-3,
1.814000E-002,-1.68E-3,
1.815000E-002,-1.28E-3,
1.816000E-002,-8.8E-4,
1.817000E-002,-1.52E-3,
1.818000E-002,-2.08E-3,
1.819000E-002,-1.92E-3,
1.820000E-002,-1.28E-3,
1.821000E-002,-8.8E-4,
1.822000E-002,-1.28E-3,
1.823000E-002,-1.68E-3,
1.824000E-002,-2.08E-3,
1.825000E-002,-1.52E-3,
1.826000E-002,-1.12E-3,
1.827000E-002,-1.12E-3,
1.828000E-002,-1.68E-3,
1.829000E-002,-2.08E-3,
1.830000E-002,-1.52E-3,
1.831000E-002,-8.8E-4,
1.832000E-002,-8.8E-4,
1.833000E-002,-1.52E-3,
1.834000E-002,-1.92E-3,
1.835000E-002,-1.68E-3,
1.836000E-002,-1.12E-3,
1.837000E-002,-8.8E-4,
1.838000E-002,-1.52E-3,
1.839000E-002,-1.68E-3,
1.840000E-002,-1.68E-3,
1.841000E-002,-1.28E-3,
1.842000E-002,-8.8E-4,
1.843000E-002,-1.52E-3,
1.844000E-002,-1.92E-3,
1.845000E-002,-1.92E-3,
1.846000E-002,-1.52E-3,
1.847000E-002,-8.8E-4,
1.848000E-002,-1.12E-3,
1.849000E-002,-1.68E-3,
1.850000E-002,-2.08E-3,
1.851000E-002,-1.52E-3,
1.852000E-002,-7.2E-4,
1.853000E-002,-1.12E-3,
1.854000E-002,-1.52E-3,
1.855000E-002,-1.68E-3,
1.856000E-002,-1.52E-3,
1.857000E-002,-8.8E-4,
1.858000E-002,-7.2E-4,
1.859000E-002,-1.52E-3,
1.860000E-002,-1.68E-3,
1.861000E-002,-1.68E-3,
1.862000E-002,-8.8E-4,
1.863000E-002,-7.2E-4,
1.864000E-002,-1.28E-3,
1.865000E-002,-1.68E-3,
1.866000E-002,-1.68E-3,
1.867000E-002,-1.28E-3,
1.868000E-002,-8.8E-4,
1.869000E-002,-1.12E-3,
1.870000E-002,-1.68E-3,
1.871000E-002,-1.68E-3,
1.872000E-002,-1.28E-3,
1.873000E-002,-8.8E-4,
1.874000E-002,-8.8E-4,
1.875000E-002,-1.52E-3,
1.876000E-002,-1.68E-3,
1.877000E-002,-1.28E-3,
1.878000E-002,-4.8E-4,
1.879000E-002,-7.2E-4,
1.880000E-002,-1.52E-3,
1.881000E-002,-1.68E-3,
1.882000E-002,-1.68E-3,
1.883000E-002,-8.8E-4,
1.884000E-002,-4.8E-4,
1.885000E-002,-8.8E-4,
1.886000E-002,-1.68E-3,
1.887000E-002,-1.68E-3,
1.888000E-002,-1.28E-3,
1.889000E-002,-7.2E-4,
1.890000E-002,-8.8E-4,
1.891000E-002,-1.52E-3,
1.892000E-002,-1.68E-3,
1.893000E-002,-1.28E-3,
1.894000E-002,-7.2E-4,
1.895000E-002,-8.8E-4,
1.896000E-002,-1.52E-3,
1.897000E-002,-1.68E-3,
1.898000E-002,-1.52E-3,
1.899000E-002,-7.2E-4,
1.900000E-002,-7.2E-4,
1.901000E-002,-1.28E-3,
1.902000E-002,-1.68E-3,
1.903000E-002,-1.68E-3,
1.904000E-002,-1.12E-3,
1.905000E-002,-4.8E-4,
1.906000E-002,-1.28E-3,
1.907000E-002,-1.68E-3,
1.908000E-002,-1.52E-3,
1.909000E-002,-7.2E-4,
1.910000E-002,-7.2E-4,
1.911000E-002,-1.12E-3,
1.912000E-002,-1.68E-3,
1.913000E-002,-1.68E-3,
1.914000E-002,-1.28E-3,
1.915000E-002,-4.8E-4,
1.916000E-002,-4.8E-4,
1.917000E-002,-1.28E-3,
1.918000E-002,-1.68E-3,
1.919000E-002,-1.52E-3,
1.920000E-002,-8.8E-4,
1.921000E-002,-8.8E-4,
1.922000E-002,-1.52E-3,
1.923000E-002,-1.92E-3,
1.924000E-002,-1.68E-3,
1.925000E-002,-1.12E-3,
1.926000E-002,-1.12E-3,
1.927000E-002,-1.28E-3,
1.928000E-002,-1.92E-3,
1.929000E-002,-1.92E-3,
1.930000E-002,-1.28E-3,
1.931000E-002,-8.8E-4,
1.932000E-002,-1.28E-3,
1.933000E-002,-1.68E-3,
1.934000E-002,-2.08E-3,
1.935000E-002,-1.68E-3,
1.936000E-002,-1.12E-3,
1.937000E-002,-1.12E-3,
1.938000E-002,-1.68E-3,
1.939000E-002,-2.08E-3,
1.940000E-002,-1.68E-3,
1.941000E-002,-1.12E-3,
1.942000E-002,-8.8E-4,
1.943000E-002,-1.52E-3,
1.944000E-002,-1.92E-3,
1.945000E-002,-1.68E-3,
1.946000E-002,-1.12E-3,
1.947000E-002,-8.8E-4,
1.948000E-002,-1.52E-3,
1.949000E-002,-2.32E-3,
1.950000E-002,-2.08E-3,
1.951000E-002,-1.68E-3,
1.952000E-002,-1.12E-3,
1.953000E-002,-1.52E-3,
1.954000E-002,-1.92E-3,
1.955000E-002,-2.08E-3,
1.956000E-002,-1.92E-3,
1.957000E-002,-1.52E-3,
1.958000E-002,-1.52E-3,
1.959000E-002,-1.92E-3,
1.960000E-002,-2.32E-3,
1.961000E-002,-2.08E-3,
1.962000E-002,-1.52E-3,
1.963000E-002,-1.28E-3,
1.964000E-002,-1.92E-3,
1.965000E-002,-2.32E-3,
1.966000E-002,-2.08E-3,
1.967000E-002,-1.52E-3,
1.968000E-002,-1.28E-3,
1.969000E-002,-1.68E-3,
1.970000E-002,-2.32E-3,
1.971000E-002,-2.48E-3,
1.972000E-002,-2.08E-3,
1.973000E-002,-1.52E-3,
1.974000E-002,-1.52E-3,
1.975000E-002,-2.32E-3,
1.976000E-002,-2.48E-3,
1.977000E-002,-1.68E-3,
1.978000E-002,-1.28E-3,
1.979000E-002,-1.52E-3,
1.980000E-002,-2.08E-3,
1.981000E-002,-2.48E-3,
1.982000E-002,-2.08E-3,
1.983000E-002,-1.28E-3,
1.984000E-002,-1.28E-3,
1.985000E-002,-1.68E-3,
1.986000E-002,-2.48E-3,
1.987000E-002,-2.32E-3,
1.988000E-002,-1.68E-3,
1.989000E-002,-1.28E-3,
1.990000E-002,-1.68E-3,
1.991000E-002,-2.32E-3,
1.992000E-002,-2.08E-3,
1.993000E-002,-1.68E-3,
1.994000E-002,-1.28E-3,
1.995000E-002,-1.52E-3,
1.996000E-002,-2.08E-3,
1.997000E-002,-2.32E-3,
1.998000E-002,-1.92E-3,
1.999000E-002,-1.12E-3,
